,@context,@type,identifier,copyrightHolder,license,category,name,disambiguatingDescription,description,titleTeaser,textTeaser,detailedInformation,zurichCardDescription,zurichCard,osm_id,image,price,photo,dateModified,opens,openingHours,openingHoursExceptions,specialOpeningHoursSpecification,address,place,latitude,longitude
0,https://schema.org/,LocalBusiness,1001172,Zürich Tourismus www.zuerich.com,BY-SA,"{'Restaurants': {'swissId': ''}, 'Cuisine': {'swissId': ''}, 'Fish': {'swissId': ''}, 'Vegetarian': {'swissId': ''}, 'Swiss Specialties': {'swissId': ''}, 'Zürcher Geschnetzeltes': {'swissId': ''}}",Fischerstube Zürihorn,"Das legendäre Restaurant ist vom See aus gut sichtbar. 
","<p>Die legendäre Fischerstube ist viel mehr als ein Restaurant am See. Mit einem Kiosk, einem Garten, dem Steg zum See, einer Lounge, einer Fischerhütte und einer Seeterrasse ist die Fischerstube in eine richtiges kleines Dorf eingebettet.</p> <p>Selbstverständlich stehen auf der Karte viele Fischgerichte mit Fischen aus dem Zürichsee oder nahen Gewässern. Aber auch Klassiker wie das Zürich Geschnetzelte oder vegetarische Speisen fehlen auf der Karte nicht. Während die Fischerstube bedient ist, bedienen sich Gäste, Spaziergängerinnen und Badende am Kiosk sowie im Fischergarten selbst.</p> <p>Die Fischerstube und/oder einzelne Gebäude können für Events gemietet warden.</p> Geschichte/Architektur: <p>1939 für die Landesausstellung auf Pfählen im See erbaut, wurde das Gebäude 1957 bei einem Brand zerstört und wieder aufgebaut. Von 2019 – 2021 wurden Originalteile restauriert sowie ein wesensgleicher Ersatzneubau an der gleichen Stelle gebaut, da die einzelnen Gebäude und vor allem die Pfähle des Originalbaus in schlechtem Zustand waren.</p> ",Fischerstube Zürihorn,Die Fischerstube ist ein legendäres Restaurant am Zürichsee. Heute erscheint sie in neuem Glanz.,"['Seit 1939 am Zürichhorn', 'Restaurant mit Lounge, Kiosk und mehr', 'Direkt am Zürichsee']",,False,,"{'url': 'https://www.zuerich.com/sites/default/files/category-image/platzhalter_andere_1280x960.jpg', 'caption': {'de': None, 'en': '', 'fr': None, 'it': None}}",,,21.07.2021 07:54,"['Monday', 'Tuesday', 'Wednesday', 'Thursday', 'Friday', 'Saturday', 'Sunday']","['Mo,Tu,We,Th,Fr,Sa,Su 11:30-23:30']",,,"{'addressCountry': 'CH', 'addressLocality': 'Zürich', 'postalCode': '8008', 'streetAddress': 'Bellerivestrasse 160', 'telephone': '+41 44 250 59 50', 'email': 'fischerstube@commercio.ch', 'url': 'https://www.fischerstube-zuerich.ch/'}",[],47.3530142,8.5506015
1,https://schema.org/,LocalBusiness,556378,Zürich Tourismus www.zuerich.com,BY-SA,"{'Restaurants': {'swissId': ''}, 'Online Bookings': {'swissId': ''}, 'Cuisine': {'swissId': ''}, 'American': {'swissId': ''}, 'Vegetarian': {'swissId': ''}, 'Vegan friendly': {'swissId': ''}, 'Meal': {'swissId': ''}, 'Lunch': {'swissId': ''}, 'Dinner': {'swissId': ''}}",The Butcher & his Daughter,The Butcher & his Daughter ist die Anlaufstelle für Burger-Liebhaber ebenso wie Veganerinnen und Vegetarier. ,"<p>The Butcher ist inzwischen stadtbekannt. Bereits mehrere Filialen begeistern hungrige Gäste mit saftigen Burger-Kreationen. Mit The Butcher &amp; his Daughter betritt nun ein zusätzliches Konzept die Bühne:</p> <p>Neben den beliebten Burgern stehen an der Badenerstrasse vegetarische Vorspeisen, knackige Salad Bowls sowie pflanzenbasierte Gerichte im Mittelpunkt. Aber natürlich dürfen sich Veganer und Vegetarierinnen auch beim Burger auf fleischlose Varianten freuen.</p> <p>The Butcher &amp; his Daughter verwendet frische Produkte und verzichtet komplett auf Konservierungsstoffe.&nbsp;</p> <p>Weitere Standorte:</p> <p>Stüssihofstatt 15, 8001 Zürich Heinrichstrasse 239, 8005 Zürich</p> ",The Butcher & his Daughter,"Ob vegan, vegetarisch, pflanzenbasiert oder mit Fleisch: The Butcher & his Daughter lieben Burger.","['«Plant-based» Gerichte', 'Saftige, nachhaltige Burger', 'Frei von jeglichen Konservierungsstoffen']",,False,4424003111,"{'url': 'https://www.zuerich.com/sites/default/files/web_zuerich_butcher_and_his_daughter_1280x960_32190.jpg', 'caption': {'de': 'The Butcher & his Daughter', 'en': '', 'fr': None, 'it': None}}",,"[{'url': 'https://www.zuerich.com/sites/default/files/web_zuerich_butcher_and_his_daughter_1280x960_32188.jpg', 'caption': {'de': 'The Butcher & his Daughter', 'en': '', 'fr': None, 'it': None}}, {'url': 'https://www.zuerich.com/sites/default/files/web_zuerich_butcher_and_his_daughter_1280x960_32187.jpg', 'caption': {'de': 'The Butcher & his Daughter', 'en': '', 'fr': None, 'it': None}}, {'url': 'https://www.zuerich.com/sites/default/files/web_zuerich_butcher_and_his_daughter_1280x960_32186.jpg', 'caption': {'de': 'The Butcher & his Daughter', 'en': '', 'fr': None, 'it': None}}, {'url': 'https://www.zuerich.com/sites/default/files/web_zuerich_butcher_and_his_daughter_1280x960_32185.jpg', 'caption': {'de': 'The Butcher & his Daughter', 'en': '', 'fr': None, 'it': None}}, {'url': 'https://www.zuerich.com/sites/default/files/web_zuerich_butcher_and_his_daughter_1280x960_32184.jpg', 'caption': {'de': 'The Butcher & his Daughter', 'en': '', 'fr': None, 'it': None}}, {'url': 'https://www.zuerich.com/sites/default/files/web_zuerich_butcher_and_his_daughter_1280x960_32183.jpg', 'caption': {'de': 'The Butcher & his Daughter', 'en': '', 'fr': None, 'it': None}}, {'url': 'https://www.zuerich.com/sites/default/files/web_zuerich_butcher_and_his_daughter_1280x960_32189.jpg', 'caption': {'de': 'The Butcher & his Daughter', 'en': '', 'fr': None, 'it': None}}, {'url': 'https://www.zuerich.com/sites/default/files/web_zuerich_butcher_and_his_daughter_1280x960_32181.jpg', 'caption': {'de': 'The Butcher & his Daughter', 'en': '', 'fr': None, 'it': None}}]",20.07.2021 17:04,"['Monday', 'Tuesday', 'Wednesday', 'Thursday', 'Friday', 'Saturday', 'Sunday']","['Mo,Tu,We,Th,Fr,Sa 11:00-23:00', 'Su 12:00-22:00']",,,"{'addressCountry': 'CH', 'addressLocality': 'Zürich', 'postalCode': '8004', 'streetAddress': 'Badenerstrasse 97', 'telephone': '+41 44 525 00 85', 'email': 'badenerstrasse@butcher.ch', 'url': 'https://www.butcherdaughter.ch/'}",[],47.373995,8.525455
2,https://schema.org/,LocalBusiness,555223,Zürich Tourismus www.zuerich.com,BY-SA,"{'Restaurants': {'swissId': ''}, 'Vegetarian': {'swissId': ''}, 'Vegan friendly': {'swissId': ''}, 'Coffee Houses & Tea Rooms': {'swissId': ''}, 'Coffee': {'swissId': ''}, 'Confectionery': {'swissId': ''}, 'Cakes': {'swissId': ''}, 'Tea': {'swissId': ''}, 'Meal': {'swissId': ''}, 'Breakfast': {'swissId': ''}}",Café Sprössling,Das rein vegane Café ist die zweite Filiale der stadtbekannten Konditorei und Bäckerei Gnädinger.,"<p>Ob Donuts, Kaffee, Granolas oder gar Burger: Im Café Sprössling ist alles garantiert vegan.</p> <p>Direkt am Schaffhauserplatz gelegen, ist das Café Sprössling die zweite Filiale des Familienbetriebs Gnädinger. Dieser liegt gleich gegenüber und ist vor allem für seine frischen Backwaren und die leckeren Buttergipfel bekannt. Sprössling hingegen setzt komplett auf vegane Kreationen und erfreut damit alle, die auf Tierprodukte verzichten oder den Verzehr bewusst etwas reduzieren möchten.</p> <p>Die überraschenden süssen und salzigen Gerichte werden mit Produkten aus der nahen Region zubereitet und sind – wo möglich – hausgemacht.</p> ",Café Sprössling,Das komplett vegane Café am Schaffhauserplatz begeistert mit leckeren Kreationen.,"['Direkt am Schaffhauserplatz gelegen', 'Veganes Café ', 'Ausschliesslich hausgemachte Backwaren']",,False,866538630,"{'url': 'https://www.zuerich.com/sites/default/files/web_zuerich_sproessling_gnaedinger_1280x960_30601.jpg', 'caption': {'de': None, 'en': 'Café Sprössling', 'fr': None, 'it': None}}",,"[{'url': 'https://www.zuerich.com/sites/default/files/web_zuerich_sproessling_gnaedinger_1280x960_30605.jpg', 'caption': {'de': None, 'en': 'Café Sprössling', 'fr': None, 'it': None}}, {'url': 'https://www.zuerich.com/sites/default/files/web_zuerich_sproessling_gnaedinger_1280x960_30600.jpg', 'caption': {'de': 'Café Sprössling', 'en': 'Café Sprössling', 'fr': None, 'it': None}}, {'url': 'https://www.zuerich.com/sites/default/files/web_zuerich_sproessling_gnaedinger_1280x960_30603.jpg', 'caption': {'de': None, 'en': 'Café Sprössling', 'fr': None, 'it': None}}, {'url': 'https://www.zuerich.com/sites/default/files/web_zuerich_sproessling_gnaedinger_1280x960_30602.jpg', 'caption': {'de': None, 'en': 'Café Sprössling', 'fr': None, 'it': None}}]",19.11.2021 09:15,"['Monday', 'Tuesday', 'Wednesday', 'Thursday', 'Friday', 'Saturday']","['Mo,Tu,We,Th,Fr,Sa 9:00-18:00']",,,"{'addressCountry': 'CH', 'addressLocality': 'Zürich', 'postalCode': '8006', 'streetAddress': 'Hotzestrasse 65', 'telephone': '+41 44 360 23 95', 'email': 'sproessling@walterbuchmann.ch', 'url': 'https://www.sproessling.info'}",[],47.391957,8.539058
3,https://schema.org/,LocalBusiness,554922,Zürich Tourismus www.zuerich.com,BY-SA,"{'Restaurants': {'swissId': ''}, 'Vegetarian': {'swissId': ''}, 'Brunch': {'swissId': ''}, 'Lunch': {'swissId': ''}, 'Dinner': {'swissId': ''}}",Kraftwerk Café & Restaurant,In der ehemaligen Transformatorenhalle treffen heute Kulinarik und temporäre Arbeitsplätze aufeinander. ,"<p>Das Gebäude des ehemaligen Unterwerks Selnau nahe der zentralen Haltestelle Stauffacher sorgt für Überraschungen. Von Aussen imposant und mächtig, präsentiert es sich im Innern von einer verspielten und gemütlichen Seite.</p><p>22 aufeinander gestapelte Schiffscontainer – die gleichzeitig als temporäre Besprechungszimmer und Arbeitsplätze genutzt werden können – trennen die hohe Halle in zwei Bereiche: Während der hintere Teil für Events und Konzerte genutzt wird, ist im vorderen Bereich das Restaurant &amp; Café Kraftwerkt eingerichtet. Dieses lädt mit einer gemütlichen Wohnzimmer-Einrichtung zum Verweilen und zum Genuss vegetarischer Köstlichkeiten ein.</p><p>Mittags wählen Gäste Suppen, Salate und Spezialitäten aus dem täglich wechselnden Angebot. Abends steht das «Sharing» im Fokus: Die Gäste wählen aus drei bis fünf Tellern pro Person und teilen die von Grund auf vegetarischen Speisen unter- und miteinander.</p>",Kraftwerk Restaurant,Vegetarische Köstlichkeiten in einer ehemaligen Industriehalle sorgen für urbanen Flair.,"['Café und Restaurant', 'Täglich wechselnde Mittagsmenüs', 'Sharing-Konzept', 'Vegetarische Speisen', 'Zentral gelegen beim Stauffacher']",,False,5516953836,"{'url': 'https://www.zuerich.com/sites/default/files/web_zuerich_restaurant_kraftwerk_1280x960_31507.jpg', 'caption': {'de': 'Kraftwerk Café & Restaurant', 'en': '', 'fr': None, 'it': None}}",,"[{'url': 'https://www.zuerich.com/sites/default/files/web_zuerich_restaurant_kraftwerk_1280x960_31508.jpg', 'caption': {'de': None, 'en': '', 'fr': None, 'it': None}}, {'url': 'https://www.zuerich.com/sites/default/files/web_zuerich_restaurant_kraftwerk_1280x960_31509.jpg', 'caption': {'de': None, 'en': '', 'fr': None, 'it': None}}, {'url': 'https://www.zuerich.com/sites/default/files/web_zuerich_restaurant_kraftwerk_1280x960_31505.jpg', 'caption': {'de': None, 'en': '', 'fr': None, 'it': None}}, {'url': 'https://www.zuerich.com/sites/default/files/web_zuerich_restaurant_kraftwerk_1280x960_31506.jpg', 'caption': {'de': None, 'en': '', 'fr': None, 'it': None}}, {'url': 'https://www.zuerich.com/sites/default/files/web_zuerich_restaurant_kraftwerk_1280x960_31510.jpg', 'caption': {'de': None, 'en': '', 'fr': None, 'it': None}}, {'url': 'https://www.zuerich.com/sites/default/files/web_zuerich_restaurant_kraftwerk_1280x960_31511.jpg', 'caption': {'de': None, 'en': '', 'fr': None, 'it': None}}, {'url': 'https://www.zuerich.com/sites/default/files/web_zuerich_restaurant_kraftwerk_1280x960_31512.jpg', 'caption': {'de': None, 'en': '', 'fr': None, 'it': None}}, {'url': 'https://www.zuerich.com/sites/default/files/web_zuerich_restaurant_kraftwerk_1280x960_31513.jpg', 'caption': {'de': None, 'en': '', 'fr': None, 'it': None}}]",20.07.2021 17:04,"['Monday', 'Tuesday', 'Wednesday', 'Thursday', 'Friday', 'Sunday']","['Mo,Tu,We 8:00-22:00', 'Sa 14:00-22:00']",,,"{'addressCountry': 'CH', 'addressLocality': 'Zürich', 'postalCode': '8001', 'streetAddress': 'Selnaustrasse 25', 'telephone': None, 'email': None, 'url': 'https://www.kraftwerk.coffee'}",[],47.37214,8.53193
4,https://schema.org/,LocalBusiness,313421,Zürich Tourismus www.zuerich.com,BY-SA,"{'Restaurants': {'swissId': ''}, 'Cuisine': {'swissId': ''}, 'Vegetarian': {'swissId': ''}, 'Swiss Specialties': {'swissId': ''}}",Weisser Wind – Zunfthaus und Restaurant,"Im Herzen des Zürcher Oberdorfs verbindet der «Weisse Wind» Restaurant, Zunfthaus und Kulturbühne unter einem Dach.","<p>Das Restaurant und Zunfthaus Weisser Wind ist ein Traditionshaus im Herzen des Altstadtteils Oberdorf. 1425 erbaut, steht das Traditionshaus nur wenige Meter vom Grossmünster entfernt.</p> <p>Auf der Speisekarte der altehrwürdigen Beiz stehen herzhafte Schweizer Klassiker, die aus lokalen und saisonalen Produkten liebevoll und gekonnt zubereitet werden.</p> <p>Im Obergeschoss des Hauses sind die Säle «Neuzofingersaal» sowie der nach der hier beheimateten Zunft Weggen benannte «Weggenstube» zu finden. Auch im Obergeschoss ist der geschichtsträchtige Theatersaal untergebracht, der nach wie vor als beliebte Spielstätte diverser Kunst- und Kulturbeiträge genutzt wird. Alle drei Säle können auch für Privatanlässe gemietet werden.</p> ",Weisser Wind,Das geschichtsträchtige Restaurant und Zunfthaus bietet im Herzen der Altstadt Kunst und Genuss.,"['Herzhafte Schweizer Gerichte', 'Grosses vegetarisches Angebot', 'Traditionsbeiz für Anwohner und Gäste aus Nah und Fern', 'Kultur- und Theaterbühne im Obergeschoss']",,False,270800540,"{'url': 'https://www.zuerich.com/sites/default/files/web_zuerich_zunfthaus_weisser_wind_1280x960_24255.jpg', 'caption': {'de': 'Weisser Wind', 'en': 'Weisser Wind', 'fr': None, 'it': None}}",,"[{'url': 'https://www.zuerich.com/sites/default/files/web_zurich_venue_weisser-wind_pt_24540.jpg', 'caption': {'de': None, 'en': '', 'fr': None, 'it': None}}, {'url': 'https://www.zuerich.com/sites/default/files/web_zurich_venue_weisser-wind_pt_24547.jpg', 'caption': {'de': None, 'en': '', 'fr': None, 'it': None}}, {'url': 'https://www.zuerich.com/sites/default/files/web_zurich_venue_weisser-wind_pt_24541.jpg', 'caption': {'de': None, 'en': '', 'fr': None, 'it': None}}, {'url': 'https://www.zuerich.com/sites/default/files/web_zurich_venue_weisser-wind_pt_24546.jpg', 'caption': {'de': None, 'en': '', 'fr': None, 'it': None}}, {'url': 'https://www.zuerich.com/sites/default/files/web_zurich_venue_weisser-wind_pt_24545.jpg', 'caption': {'de': None, 'en': '', 'fr': None, 'it': None}}]",20.07.2021 17:04,"['Monday', 'Tuesday', 'Wednesday', 'Thursday', 'Friday', 'Saturday']","['Mo,Tu,We,Th,Fr 11:00-14:00', 'Mo,Tu,We,Th,Fr,Sa 17:00-23:00']",,,"{'addressCountry': 'CH', 'addressLocality': 'Zürich', 'postalCode': '8001', 'streetAddress': 'Oberdorfstrasse 20', 'telephone': '+41 44 251 18 45', 'email': 'kontakt@weisserwind.ch', 'url': 'https://www.weisserwind.ch'}",[],47.368861,8.545618
5,https://schema.org/,LocalBusiness,195427,Zürich Tourismus www.zuerich.com,BY-SA,"{'Restaurants': {'swissId': ''}, 'Vegetarian': {'swissId': ''}, 'Vegan friendly': {'swissId': ''}, 'Breakfast': {'swissId': ''}, 'Brunch': {'swissId': ''}, 'Lunch': {'swissId': ''}, 'Dinner': {'swissId': ''}, 'Coffee Houses & Tea Rooms': {'swissId': ''}}",Hiltl Langstrasse,"Das älteste vegetarische Restaurant der Welt hat einen neuen Sprössling in der Zürcher Ausgehmeile; komplett mit Café, Cocktailbar, Take-Away, Velo-Drive-Through, Club, Shop und Boulevard.","<p>Das älteste vegetarische Restaurant der Welt ruht sich nicht auf seinen Lorbeeren aus, sondern blüht glücklich über die ganze Stadt. Der jüngste Trieb spriesst seit Kurzem an der wilden Ausgehmeile Zürichs und wird bereits am frühen Morgen rege besucht. Das Hiltl Langstrasse hat nämlich einen Velo-Drive-Through, an dem sportliche Zürcher auf dem Arbeitsweg Kaffee und Gipfeli tanken, ohne ihr Fahrrad&nbsp;anketten zu müssen.</p> <p>Wer zum Mittagessen zurückkehrt, lässt es am reichhaltigen vegetarisch-veganen Hiltl Buffet gemütlicher angehen und bleibt vielleicht bis in den Abend hinein. Dann kommen nämlich das hauseigene Hiltl Bier oder ein wunderbar rauchig-harziger «Smoky Pineapple» von der Cocktailbar auf den Tisch.</p> ",Hiltl Langstrasse,"Das Hiltl mischt mit Space Brownies, Velo-Drive-Through und versprayten Wänden die Langstrasse auf.","['Velo-Drive-Through', 'Erstes vegetarisches Restaurant der Welt', 'Reichhaltiges vegetarisch-veganes Hiltl Buffet']",Zürich Card: Kulinarische Überraschung,True,5128008062,"{'url': 'https://www.zuerich.com/sites/default/files/imagegallery/web_zurich_restaurant_hiltl_langstrasse_buffet.jpg', 'caption': {'de': None, 'en': '', 'fr': None, 'it': None}}",,"[{'url': 'https://www.zuerich.com/sites/default/files/imagegallery/web_zurich_restaurant_hiltl_langstrasse_eingangsbereich.jpg', 'caption': {'de': None, 'en': '', 'fr': None, 'it': None}}, {'url': 'https://www.zuerich.com/sites/default/files/imagegallery/web_zuerich_hiltl_langstrasse_17700.jpg', 'caption': {'de': None, 'en': '', 'fr': None, 'it': None}}, {'url': 'https://www.zuerich.com/sites/default/files/imagegallery/web_zuerich_hiltl_langstrasse_17697.jpg', 'caption': {'de': None, 'en': '', 'fr': None, 'it': None}}, {'url': 'https://www.zuerich.com/sites/default/files/imagegallery/web_zuerich_hiltl_langstrasse_17702.jpg', 'caption': {'de': None, 'en': '', 'fr': None, 'it': None}}, {'url': 'https://www.zuerich.com/sites/default/files/imagegallery/web_zurich_restaurant_hiltl_langstrasse_pt_17706.jpg', 'caption': {'de': None, 'en': '', 'fr': None, 'it': None}}, {'url': 'https://www.zuerich.com/sites/default/files/imagegallery/web_zurich_restaurant_hiltl_langstrasse_lounge.jpg', 'caption': {'de': None, 'en': '', 'fr': None, 'it': None}}, {'url': 'https://www.zuerich.com/sites/default/files/keyvisual/web_zuerich_hiltl_langstrasse_17699.jpg', 'caption': {'de': None, 'en': '', 'fr': None, 'it': None}}]",30.11.2021 10:55,"['Monday', 'Tuesday', 'Wednesday', 'Thursday', 'Friday', 'Saturday', 'Sunday']","['Mo,Tu,We,Th,Fr,Sa 11:00-14:30', 'Mo,Tu,We,Th,Fr,Sa 18:00-21:00', 'Su 11:00-16:00']",,Vorübergehend geschlossen,"{'addressCountry': 'CH', 'addressLocality': 'Zürich', 'postalCode': '8004', 'streetAddress': 'Langstrasse 84', 'telephone': '+41 44 210 10 84', 'email': 'info@hiltl.ch', 'url': 'https://hiltl.ch/standorte/uebersicht/#langstrasse'}",[],47.377842,8.526763
6,https://schema.org/,LocalBusiness,185302,Zürich Tourismus www.zuerich.com,BY-SA,"{'Restaurants': {'swissId': ''}, 'Vegetarian': {'swissId': ''}, 'Bistro': {'swissId': ''}, 'Lunch': {'swissId': ''}, 'Dinner': {'swissId': ''}, 'Atmosphere': {'swissId': ''}, 'Cultural and Inspiring': {'swissId': ''}, 'Bars & Lounges': {'swissId': ''}, 'Restaurant & Bar': {'swissId': ''}, 'Open-air Area': {'swissId': ''}, 'Music Bar / Live Music': {'swissId': ''}}",Kosmos Bistro,Im Kosmos Bistro gibt es passend zum Kulturhaus «Kosmos» internationale Köstlichkeiten und unkomplizierte Küche.,"<p>Das «Kosmos» hat der Europaallee Leben eingehaucht, das urbane, kosmopolitische Kulturhaus ist ein Magnet für alle Liebhaber der schönen Dinge.</p> <p>Im modernen Kosmos Bistro mit grosszügiger Terrasse gibt es von morgens bis abends leckere Speisen und feine Drinks. Die französische Bistro-Küche wird von den Jahreszeiten und der Region beeinflusst und so sieht auch das Interieur aus.</p> <p>Im Bistro treffen sich Einheimische und Touristen aber nicht nur zur Essenszeit, das Lokal wird als erweitertes Wohnzimmer zum Kulturhaus verstanden. Deshalb treffen sich die Gäste hier zu ausgedehnten Gesprächen vor einer Veranstaltung oder zum Schlummertrunk.</p> ",Kosmos Bistro,Weltzürcherische Speisen im modernen Kulturhaus Kosmos – ein Genuss zu jeder Tageszeit.,"[' Kulturhaus', 'Urban, modern, ungezwungen', 'Französische Bistro-Küche', 'Europaallee', 'Langstrasse']",Vergünstigung mit der Zürich Card,True,5083154970,"{'url': 'https://www.zuerich.com/sites/default/files/imagegallery/web_zuerich_kosmos_bistro_3.jpg', 'caption': {'de': 'Bistro', 'en': 'Bistro', 'fr': 'Bistro', 'it': None}}",,"[{'url': 'https://www.zuerich.com/sites/default/files/imagegallery/web_zuerich_kosmos_bistro_2.jpg', 'caption': {'de': 'Bistro', 'en': 'Bistro', 'fr': 'Bistro', 'it': None}}, {'url': 'https://www.zuerich.com/sites/default/files/imagegallery/web_zuerich_kosmos_bistro_1.jpg', 'caption': {'de': 'Bistro', 'en': 'Bistro', 'fr': 'Bistro', 'it': None}}, {'url': 'https://www.zuerich.com/sites/default/files/imagegallery/web_zuerich_kosmos_kulturhaus_2.jpg', 'caption': {'de': 'Buchsalon', 'en': 'book salon', 'fr': 'un salon de lecture', 'it': 'libreria'}}, {'url': 'https://www.zuerich.com/sites/default/files/imagegallery/web_zuerich_kosmos_kulturhaus_3.jpg', 'caption': {'de': 'Buchsalon', 'en': 'book salon', 'fr': 'un salon de lecture', 'it': 'libreria'}}, {'url': 'https://www.zuerich.com/sites/default/files/imagegallery/web_zuerich_kosmos_kulturhaus_7.jpg', 'caption': {'de': 'Kino', 'en': 'movie theater', 'fr': 'un cinéma', 'it': 'cinema'}}, {'url': 'https://www.zuerich.com/sites/default/files/imagegallery/web_zuerich_kosmos_kulturhaus_5.jpg', 'caption': {'de': 'Kulturhaus Kosmos', 'en': 'Kulturhaus Kosmos', 'fr': 'Kulturhaus Kosmos', 'it': 'Kulturhaus Kosmos'}}, {'url': 'https://www.zuerich.com/sites/default/files/imagegallery/web_zuerich_kosmos_kulturhaus_4.jpg', 'caption': {'de': 'Kulturhaus Kosmos', 'en': 'Kulturhaus Kosmos', 'fr': 'Kulturhaus Kosmos', 'it': 'Kulturhaus Kosmos'}}]",21.07.2021 09:16,"['Monday', 'Tuesday', 'Wednesday', 'Thursday', 'Friday', 'Saturday', 'Sunday']",,,"<p><strong>Bistro</strong></p>

<p>Montag bis Donnerstag, 10.00 – 24.00 Uhr<br />
Freitag und&nbsp;Samstag 10.00 – 01.00 Uhr<br />
Sonntag 10.00 – 23.00 Uhr<br />
Küche täglich bis 22.00 Uhr</p>

<p><strong>Buchladen</strong></p>

<p>Montag bis Samstag, 10.00 – 22.00 Uhr<br />
Sonntag 10.00 – 20.00 Uhr</p>

<p><strong>Bar/Club</strong></p>

<p>Montag bis Donnerstag, 17.00 – 24.00 Uhr<br />
Freitag und Samstag, 17.00 – 02.00 Uhr<br />
Sonntag geschlossen<br />
&nbsp;</p>
","{'addressCountry': 'CH', 'addressLocality': 'Zürich', 'postalCode': '8004', 'streetAddress': 'Lagerstrasse 104', 'telephone': '+41 44 299 30 50', 'email': 'hello@kosmos.ch', 'url': 'https://www.kosmos.ch'}",[],47.379988,8.529103
7,https://schema.org/,LocalBusiness,175771,Zürich Tourismus www.zuerich.com,BY-SA,"{'Restaurants': {'swissId': ''}, 'Vegetarian': {'swissId': ''}, 'Brunch': {'swissId': ''}, 'Lunch': {'swissId': ''}, 'Dinner': {'swissId': ''}}",Restaurant Spitz,Museumsrestaurant entstaubt: Vor dem märchenhaften Landesmuseum hat sich das Restaurant Spitz einen Namen gemacht. ,"<p>Das wunderschöne Restaurant im Landesmuseum Zürich kombiniert gehobene Küche mit einer Prise Nonchalance. Die dezente und moderne Beleuchtung erhellt die hohen Decken. Der elegante Raum wurde so gestaltet, dass er genau die Waage zwischen Klassik und Moderne hält. Auch der Blick in die Speisekarte offenbart, dass die Köche gekonnt die Waage halten: Auch, wenn die Gerichte klassisch erscheinen, so schmecken die Gäste schnell die Spiel- und Experimentierfreudigkeit der traditionsbewussten Köche.</p> <p>Neben aufwändigen Kreationen werden auch einfache, preiswerte Speisen angeboten. Und zum Lunch gibt es im «Spitz» eine einfache Mittagskarte.</p> <p>Für Gruppen ab 13 Personen stellt das «Spitz» mit Sorgfalt zubereitete Menüs zusammen, die den Bedürfnissen der Gäste angepasst sind.</p> ",Restaurant Spitz,Experimentierfreudige klassische Gerichte und eine einfache Mittagskarte beim Landesmuseum.,"['Landesmuseum', 'Klassisch neu interpretiert', 'Schöne Terrasse']",Zürich Card: Kulinarische Überraschung,True,4579719494,"{'url': 'https://www.zuerich.com/sites/default/files/keyvisual/web_zuerich_spitz_1600x900.jpg', 'caption': {'de': None, 'en': '', 'fr': None, 'it': None}}",,,21.07.2021 09:16,"['Monday', 'Tuesday', 'Wednesday', 'Thursday', 'Friday']",,,"<p><strong>Restaurant</strong><br />
Montag bis Freitag, 11.30 – 14.00 Uhr und 18.00 – 24.00 Uhr</p>

<p><strong>Bar</strong><br />
Montag bis Freitag, 17.00 – 24.00 Uhr<br />
<br />
<strong>Bistro</strong><br />
Dienstag bis Sonntag, 10.00 – 17.00 Uhr</p>
","{'addressCountry': 'CH', 'addressLocality': 'Zürich', 'postalCode': '8001', 'streetAddress': 'Museumsstrasse 2', 'telephone': '+41 44 221 94 77', 'email': 'info@restaurantspitz.ch', 'url': 'https://www.restaurantspitz.ch'}","['Indoors', 'Outdoors']",47.3790236,8.5410057
8,https://schema.org/,LocalBusiness,174196,Zürich Tourismus www.zuerich.com,BY-SA,"{'Restaurants': {'swissId': ''}, 'Vegetarian': {'swissId': ''}, 'Vegan friendly': {'swissId': ''}, 'Swiss Specialties': {'swissId': ''}, 'Lunch': {'swissId': ''}, 'Dinner': {'swissId': ''}}",Enzian eat&art,"Frische, saisonal und regional geprägte Gerichte treffen in der Zürcher Altstadt auf Design, Kunsthandwerk und sogar auf Kosmetik.","<p>Das Restaurant Enzian befindet sich an bester Lage mitten im «Niederdörfli», wie die Zürcher den Altstadt-Teil auf der rechten Uferseite der Limmat nennen.</p> <p>Im Restaurant und Take Away Enzian eat&amp;art geniessen Gäste frische Säfte, Suppen, Salate und gesunde Snacks zu fairen Preisen. Die frischen Backwaren und das Gemüse stammen aus der hauseigenen Bäckerei und Gärtnerei.</p> <p>Im zum Restaurant gehörenden Shop finden Fans von Schweizer Design Dekorations- und Kunstobjekte von jungen Schweizer Künstlern, ebenso wie von Mitarbeitenden aus den Ateliers und Betrieben der Stiftung Enzian. Das sind Küchen- und Haushaltstextilien oder saisonale Dekorationsobjekte.&nbsp;</p> ",Enzian eat&art,"Frische, saisonale Schweizer Küche mit Bio-Produkten mitten im Niederdorf.","['Mitten im Niederdorf', 'Regionale, saisonale Küche', 'Restaurant und Design-Shop']",,False,317773545,"{'url': 'https://www.zuerich.com/sites/default/files/web_zuerich_enzian_eatart_1280x960_31413.jpg.jpg', 'caption': {'de': None, 'en': '', 'fr': None, 'it': None}}",,"[{'url': 'https://www.zuerich.com/sites/default/files/web_zuerich_enzian_eatart_1280x960_31408.jpg', 'caption': {'de': None, 'en': '', 'fr': None, 'it': None}}, {'url': 'https://www.zuerich.com/sites/default/files/web_zuerich_enzian_eatart_1280x960_31411.jpg', 'caption': {'de': None, 'en': '', 'fr': None, 'it': None}}, {'url': 'https://www.zuerich.com/sites/default/files/web_zuerich_enzian_eatart_1280x960_31413.jpg', 'caption': {'de': None, 'en': '', 'fr': None, 'it': None}}, {'url': 'https://www.zuerich.com/sites/default/files/web_zuerich_enzian_eatart_1280x960_31414.jpg', 'caption': {'de': None, 'en': '', 'fr': None, 'it': None}}, {'url': 'https://www.zuerich.com/sites/default/files/web_zuerich_enzian_eatart_1280x960_31416.jpg', 'caption': {'de': None, 'en': '', 'fr': None, 'it': None}}, {'url': 'https://www.zuerich.com/sites/default/files/web_zuerich_enzian_eatart_1280x960_31417.jpg', 'caption': {'de': None, 'en': '', 'fr': None, 'it': None}}, {'url': 'https://www.zuerich.com/sites/default/files/web_zuerich_enzian_eatart_1280x960_31418.jpg', 'caption': {'de': None, 'en': '', 'fr': None, 'it': None}}]",20.07.2021 17:04,"['Monday', 'Tuesday', 'Wednesday', 'Thursday', 'Friday', 'Saturday']","['Mo,Tu,We,Th,Fr 8:30-19:00', 'Sa 9:00-19:00']",,,"{'addressCountry': 'CH', 'addressLocality': 'Zürich', 'postalCode': '8001', 'streetAddress': 'Niederdorfstrasse 30', 'telephone': '+41 44 310 10 90', 'email': 'restaurant@stiftung-enzian.ch', 'url': 'https://stiftung-enzian.ch/eatart/'}",[],47.374102,8.543798
9,https://schema.org/,LocalBusiness,172813,Zürich Tourismus www.zuerich.com,BY-SA,"{'Restaurants': {'swissId': ''}, 'Cuisine': {'swissId': ''}, 'BBQ': {'swissId': ''}, 'Vegetarian': {'swissId': ''}}",Hiltl am See in der «Badi» Kilchberg,Vegetarier und Fleischliebhaber werden während der Badesaison im Freibad Kilchberg mit Hiltl - Kreationen verwöhnt.,"<p>Das Hiltl am See in der Badi Kilchberg bietet für hungrige Badi-Gäste ein Buffet mit heissen und kalten vegetarischen Gerichten sowie frischen Salaten. Ebenfalls gibt es Sandwiches und die beliebten Klassiker wie Glaces, Pommes Frites und Nuggets.</p> <p>An lauen Sommerabenden sorgen ab 20 Uhr kühle Drinks und guter Sound für ein entspanntes Ausklingen des Tages. Das Seebad kann zudem ab 20 Uhr für Anlässe gemietet werden. Wer nur das Restaurant besucht, zahlt keinen Eintritt.</p> <p>Ausserdem kann man sich an schönen Sommertagen morgens beim Sportangebot mit&nbsp;Yoga &amp; Pilates perfekt für den Tag einstimmen.</p> ",Hiltl am See,Snacks und Salate der Extraklasse in der Badeanstalt Kilchberg während der Sommersaison.,"['Badi Kilchberg', 'Gourmet-Snacks', 'Vegetarische Leckereien']",,False,3634672126,"{'url': 'https://www.zuerich.com/sites/default/files/keyvisual/web_zurich_restaurant_hiltl-kilchberg_pt_15730.jpg', 'caption': {'de': 'Hiltl am See, Badi Kilchberg', 'en': 'Hiltl am See, Badi Kilchberg', 'fr': 'Hiltl am See, Badi Kilchberg', 'it': 'Hiltl am See, Badi Kilchberg'}}",,"[{'url': 'https://www.zuerich.com/sites/default/files/web_zurich_restaurant_hiltlamsee_pt_18127.jpg', 'caption': {'de': 'Hiltl am See, Badi Kilchberg', 'en': 'Hiltl am See, Badi Kilchberg', 'fr': 'Hiltl am See, Badi Kilchberg', 'it': 'Hiltl am See, Badi Kilchberg'}}, {'url': 'https://www.zuerich.com/sites/default/files/imagegallery/web_zurich_restaurant_hiltl-kilchberg_pt_15731.jpg', 'caption': {'de': 'Hiltl am See, Badi Kilchberg', 'en': 'Hiltl am See, Badi Kilchberg', 'fr': 'Hiltl am See, Badi Kilchberg', 'it': 'Hiltl am See, Badi Kilchberg'}}, {'url': 'https://www.zuerich.com/sites/default/files/imagegallery/web_zurich_restaurant_hiltl-kilchberg_pt_15732.jpg', 'caption': {'de': 'Hiltl am See, Badi Kilchberg', 'en': 'Hiltl am See, Badi Kilchberg', 'fr': 'Hiltl am See, Badi Kilchberg', 'it': 'Hiltl am See, Badi Kilchberg'}}, {'url': 'https://www.zuerich.com/sites/default/files/keyvisual/web_zurich_restaurant_hiltl-kilchberg_pt_15730.jpg', 'caption': {'de': 'Hiltl am See, Badi Kilchberg', 'en': 'Hiltl am See, Badi Kilchberg', 'fr': 'Hiltl am See, Badi Kilchberg', 'it': 'Hiltl am See, Badi Kilchberg'}}, {'url': 'https://www.zuerich.com/sites/default/files/imagegallery/web_zurich_restaurant_hiltlamsee_pt_18128.jpg', 'caption': {'de': None, 'en': '', 'fr': None, 'it': None}}, {'url': 'https://www.zuerich.com/sites/default/files/imagegallery/web_zurich_restaurant_hiltlamsee_pt_18130.jpg', 'caption': {'de': None, 'en': '', 'fr': None, 'it': None}}, {'url': 'https://www.zuerich.com/sites/default/files/imagegallery/web_zurich_restaurant_hiltlamsee_pt_18129.jpg', 'caption': {'de': None, 'en': '', 'fr': None, 'it': None}}]",21.07.2021 07:54,"['Monday', 'Tuesday', 'Wednesday', 'Thursday', 'Friday', 'Saturday', 'Sunday']","['Mo,Tu,We 9:00-21:00', 'Th,Fr,Su 9:00-20:30', 'Sa 11:00-20:30']",,,"{'addressCountry': 'CH', 'addressLocality': 'Kilchberg', 'postalCode': '8802', 'streetAddress': 'Seestrasse 205', 'telephone': '+41 43 377 58 77', 'email': 'info@hiltl.ch', 'url': 'https://www.hiltl.ch/de/standorte/kilchberg'}",[],47.318413,8.553501
10,https://schema.org/,LocalBusiness,165847,Zürich Tourismus www.zuerich.com,BY-SA,"{'Restaurants': {'swissId': ''}, 'Vegetarian': {'swissId': ''}, 'Vegan friendly': {'swissId': ''}, 'Spanish': {'swissId': ''}, 'Oriental': {'swissId': ''}, 'Bistro': {'swissId': ''}, 'International': {'swissId': ''}, 'Lunch': {'swissId': ''}, 'Dinner': {'swissId': ''}}",Neni im 25hours Hotel Langstrasse,Das «Neni» an der Langstrasse ist bereits das zweite Lokal der 25hours Hotel-Kette. Das Konzept hat sich wohl bewährt: Hier trifft orientalische Küche auf urbanes Lebensgefühl.,"<p>Im bunten und sympathischen Lokal mit grosszügiger Terrasse werden weltoffene Geniesser von morgens bis abends mit leckeren Speisen und Getränken verwöhnt. Der Haupteinfluss stammt aus dem östlichen Mittelmeerraum, aber auch Streetfood wie Chicken Wings und Burger sind auf der Karte zu finden.</p> <p>Das Lokal zelebriert das kulinarische und kulturelle Mosaik unserer Welt. Am meisten Spass macht es dieses im «Balagan Style» zu geniessen: Mezze, Hauptgänge und Desserts werden bunt gemischt und für alle greifbar serviert.</p> <p>Ribelli im 25hours Hotel Zürich West</p> ",Neni Langstrasse,Orientalische Weltküche mitten an der Kreuzung der pulsierenden Langstrasse und mondänen Europaallee.,"['Langstrasse', 'Mezze', 'Streetfood', 'Bunte Aussenterrasse', 'Urbanes Ambiente']",,False,4898166176,"{'url': 'https://www.zuerich.com/sites/default/files/keyvisual/web_zuerich_neni_1600x900.jpg', 'caption': {'de': 'Restaurant Neni', 'en': 'Restaurant Neni', 'fr': 'Restaurant Neni', 'it': 'Ristorante Neni'}}",,"[{'url': 'https://www.zuerich.com/sites/default/files/imagegallery/web_zuerich_neni_2.jpg', 'caption': {'de': 'Restaurant Neni', 'en': 'Restaurant Neni', 'fr': 'Restaurant Neni', 'it': 'Restaurant Neni'}}, {'url': 'https://www.zuerich.com/sites/default/files/web_zuerich_25hours_neni_langstrasse_23534.jpg', 'caption': {'de': None, 'en': '', 'fr': None, 'it': None}}, {'url': 'https://www.zuerich.com/sites/default/files/web_zuerich_25hours_neni_langstrasse_23529.jpg', 'caption': {'de': None, 'en': '', 'fr': None, 'it': None}}, {'url': 'https://www.zuerich.com/sites/default/files/web_zuerich_25hours_neni_langstrasse_23533.jpg', 'caption': {'de': None, 'en': '', 'fr': None, 'it': None}}, {'url': 'https://www.zuerich.com/sites/default/files/web_zuerich_25hours_neni_langstrasse_23526.jpg', 'caption': {'de': None, 'en': '', 'fr': None, 'it': None}}, {'url': 'https://www.zuerich.com/sites/default/files/web_zuerich_25hours_neni_langstrasse_23525.jpg', 'caption': {'de': None, 'en': '', 'fr': None, 'it': None}}]",21.07.2021 09:16,"['Monday', 'Tuesday', 'Wednesday', 'Thursday', 'Friday', 'Saturday', 'Sunday']","['Mo,Tu,We,Th,Fr,Sa,Su 12:00-23:00']",,,"{'addressCountry': 'CH', 'addressLocality': 'Zürich', 'postalCode': '8004', 'streetAddress': 'Langstrasse 150', 'telephone': '+41 44 576 50 05', 'email': 'neni.langstrasse@25hours-hotels.com', 'url': 'https://www.neni.ch'}",[],47.380521,8.52856
11,https://schema.org/,LocalBusiness,163666,Zürich Tourismus www.zuerich.com,BY-SA,"{'Restaurants': {'swissId': ''}, 'Vegetarian': {'swissId': ''}, 'Bistro': {'swissId': ''}, 'International': {'swissId': ''}}",Daizy,"Mitten im Büro-Quartier Zürich-Binz verzaubert die fröhliche und farbenfrohe Oase «Daizy» sowohl Touristen, Einheimische wie Angestellte aus den umliegenden Büros.","<p>Das Konzept hinter «Daizy» ist vielschichtig: In den offenen, hellen und hohen Räumen befindet sich zugleich ein urbanes Restaurant, eine hippe Bar, eine ungewöhnliche Event-Location, eine dekorative Blumenhalle sowie ein innovativer Catering-Dienst. Das Lokal trifft den Zeitgeist: Die Möblierung strahlt Gemütlichkeit aus, während der Beton die Moderne widerspiegelt.</p><p>In einer offenen Showküche wird ausserdem gesundes und innovatives Essen zelebriert. Während das Lokal am Mittag mit einer kleinen Mittagskarte und einem vielfältigen Buffet aufwartet, stehen abends vor allem sogenannte Sharing-Plates im Zentrum.</p>",Daizy,"Von morgens bis abends: reiche Auswahl an hausgemachten Gerichten mit saisonalen, einheimischen Produkten.","['Mittagsbuffet', 'Shared Dishes am Abend', 'Feine, lokale Biere']",,False,4313510389,"{'url': 'https://www.zuerich.com/sites/default/files/web_zurich_restaurant_daizy_pt_22275.jpg', 'caption': {'de': None, 'en': 'Daizy, Diner', 'fr': None, 'it': None}}",,"[{'url': 'https://www.zuerich.com/sites/default/files/imagegallery/web_zuerich_restaurant_daizy_3.jpg', 'caption': {'de': 'Die Möblierung strahlt Gemütlichkeit aus, während der Beton die Moderne wiederspiegelt.', 'en': 'The furnishings exclude a feeling of coziness, while the concrete walls give it a contemporary feel.', 'fr': 'Les meubles resplendissent de convivialité, alors que le béton reflète la modernité. ', 'it': 'l’arredo emana comfort, mentre il cemento rispecchia il carattere moderno del posto. '}}, {'url': 'https://www.zuerich.com/sites/default/files/imagegallery/web_zuerich_restaurant_daizy_4.jpg', 'caption': {'de': 'Das Konzept hinter «Daizy» ist vielschichtig: ein urbanes Restaurant und eine hippe Bar', 'en': 'The concept behind the Daizy is multifaceted', 'fr': 'Le concept du « Daizy » est éclectique ', 'it': 'L’idea da cui nasce il Daizy è molto eclettica'}}, {'url': 'https://www.zuerich.com/sites/default/files/imagegallery/web_zuerich_restaurant_daizy_5.jpg', 'caption': {'de': 'Daizy', 'en': '', 'fr': 'Daizy', 'it': 'Restaurant Daizy'}}]",04.11.2021 14:49,"['Monday', 'Tuesday', 'Wednesday', 'Thursday', 'Friday', 'Saturday']",,,,"{'addressCountry': 'CH', 'addressLocality': 'Zürich', 'postalCode': '8045', 'streetAddress': 'Räffelstrasse 28', 'telephone': '+41 43 333 03 28', 'email': 'info@daizy.ch', 'url': 'https://www.daizy.ch'}",[],47.363131,8.512324
12,https://schema.org/,LocalBusiness,149929,Zürich Tourismus www.zuerich.com,BY-SA,"{'Restaurants': {'swissId': ''}, 'Fish': {'swissId': ''}, 'Vegetarian': {'swissId': ''}}",Restaurant Limmathof,Kreative Küche ganz in der Nähe vom Viadukt: Der «Limmathof» ist mittags wie abends ein beliebtes Lokal bei Einheimischen und Touristen.,"<p>Die sehr zentrale Lage im urbanen Kreis 5 vis-à-vis der Markthalle Viadukt macht den «Limmathof» zu einer Begegnungs- und Genussstätte für Zürcher Stadtkinder. Das Lokal wartet von morgens bis abends mit einer bodenständigen Weltküche auf, die den Schwerpunkt auf kreative, vegetarische Gerichte legt.</p> <p>Das Lokal strahlt die Gemütlichkeit eines Quartiertreffs aus und besonders schön ist es, an einem lauen Abend im Aussenbereich zu sitzen und das Treiben im lebendigen Quartier zu beobachten.</p> <p>Aussergewöhnlich am «Limmathof» ist auch sein integratives Programm, wo Menschen mit psychisch bedingten Einschränkungen einen betreuten Arbeitsplatz finden.</p> ",Restaurant Limmathof,Internationale Saisonküche mit vielen vegetarischen Kreationen im Herzen vom Kreis 5.,"['Kreis 5', 'Frische, saisonale Weltküche', 'Vegetarische Spezialitäten']",,False,721046173,"{'url': 'https://www.zuerich.com/sites/default/files/keyvisual/web_zurich_restaurant_limmathof_03.jpg', 'caption': {'de': None, 'en': '', 'fr': None, 'it': None}}",,"[{'url': 'https://www.zuerich.com/sites/default/files/imagegallery/web_zurich_restaurant_limmathof_02.jpg', 'caption': {'de': 'Eine warme Atmosphäre', 'en': 'A friendly atmosphere', 'fr': 'Atmosphère chaleureuse', 'it': 'Atmosfera accogliente'}}, {'url': 'https://www.zuerich.com/sites/default/files/imagegallery/web_zurich_restaurant_limmathof_03.jpg', 'caption': {'de': 'Kreative vegetarische Gerichte', 'en': 'Creative vegetarian dishes', 'fr': 'Plats végétariens créatifs', 'it': 'Piatti vegetariani creativi'}}, {'url': 'https://www.zuerich.com/sites/default/files/imagegallery/web_zurich_restaurant_limmathof_01.jpg', 'caption': {'de': 'Ein tolles Lokal im Trendquartier', 'en': 'A great locale in a trendy part of town', 'fr': 'Un superbe restaurant du quartier branché', 'it': 'Un locale favoloso in un quartiere di tendenza'}}, {'url': 'https://www.zuerich.com/sites/default/files/imagegallery/web_zurich_restaurant_limmathof_04.jpg', 'caption': {'de': 'Lokale Produkte', 'en': 'Local products', 'fr': 'Produits locaux', 'it': 'I prodotti locali'}}, {'url': 'https://www.zuerich.com/sites/default/files/imagegallery/web_zurich_restaurant_limmathof_06.jpg', 'caption': {'de': 'Gemütlich draussen sitzen und das Treiben im lebendigen Quartier beobachten', 'en': 'Sit outside on a warm evening and watch the world go by', 'fr': 'S’installer à l’extérieur par une douce soirée pour observer l’agitation de ce quartier animé', 'it': ""Fuori seduti e guardare l'attività nei quarti viventi""}}]",20.07.2021 17:04,"['Monday', 'Tuesday', 'Wednesday', 'Thursday', 'Friday', 'Saturday']","['Mo,Tu,We,Th,Fr 9:00-23:00', 'Sa 17:00-23:00']",,,"{'addressCountry': 'CH', 'addressLocality': 'Zürich', 'postalCode': '8005', 'streetAddress': 'Limmatstrasse 217', 'telephone': '+41 44 273 50 51', 'email': 'limmathof@arbeitskette.ch', 'url': 'https://www.restaurantlimmathof.ch/'}","['Indoors', 'Outdoors']",47.387499,8.527312
13,https://schema.org/,LocalBusiness,89146,Zürich Tourismus www.zuerich.com,BY-SA,"{'Restaurants': {'swissId': ''}, 'Cuisine': {'swissId': ''}, 'Vegetarian': {'swissId': ''}, 'Vegan friendly': {'swissId': ''}}",Tibits Seefeld Bistro,Das «Tibits» Seefeld Bistro befindet sich an der Falkenstrasse in unmittelbarer Nähe des Opernhauses.,"<p>Weil das «Tibits» so beliebt ist, kann es auch gleich zwei Lokale nebeneinander haben: Das «Tibits» Seefeld Bistro befindet sich ums Eck des Mutterschiffs, bietet viel Platz und vegetarische Leckereien höchster Qualität.</p> <p>Hier hat man viel Platz und Auswahlmöglichkeit, kann an langen Tischen oder in gemütlichen Sesseln das Essen oder auch nur Getränke geniessen. Denn auch die frischen Säfte und Limonaden sind hervorragend.</p> <p>Es gibt sogar genügend Platz für eine Spielecke. Kein Wunder, dass man hier vor allem bei schlechtem Wetter viele Eltern mit ihren Kleinen trifft.</p> ",Tibits Seefeld Bistro,Vegetarisches und veganes Selbstbedienungsrestaurant bei der Oper und NZZ.,"['In Seefeld', 'Vegetarisch & vegan', 'Durchgehend offen', 'Kinderfreundlich']",,False,4958366050,"{'url': 'https://www.zuerich.com/sites/default/files/imagegallery/web_zurich_restaurant_tibits-nzz-bistro_02.jpg', 'caption': {'de': 'Zürich Restaurant, Tibits Zürich NZZ Bistro', 'en': 'Zurich Restaurant, Tibits Zürich NZZ Bistro', 'fr': 'Zurich Restaurant, Tibits Zürich NZZ Bistro', 'it': 'Zurigo Ristorante, Tibits Zürich NZZ Bistro'}}",,"[{'url': 'https://www.zuerich.com/sites/default/files/imagegallery/web_zurich_restaurant_tibits-nzz-bistro_03.jpg', 'caption': {'de': 'Zürich Restaurant, Tibits Zürich NZZ Bistro', 'en': 'Zurich Restaurant, Tibits Zürich NZZ Bistro', 'fr': 'Zurich Restaurant, Tibits Zürich NZZ Bistro', 'it': 'Zurigo Ristorante, Tibits Zürich NZZ Bistro'}}, {'url': 'https://www.zuerich.com/sites/default/files/imagegallery/web_zurich_restaurant_tibits-nzz-bistro_04.jpg', 'caption': {'de': 'Zürich Restaurant, Tibits Zürich NZZ Bistro', 'en': 'Zurich Restaurant, Tibits Zürich NZZ Bistro', 'fr': 'Zurich Restaurant, Tibits Zürich NZZ Bistro', 'it': 'Zurigo Ristorante, Tibits Zürich NZZ Bistro'}}, {'url': 'https://www.zuerich.com/sites/default/files/imagegallery/web_zurich_restaurant_tibits-nzz-bistro_02.jpg', 'caption': {'de': 'Zürich Restaurant, Tibits Zürich NZZ Bistro', 'en': 'Zurich Restaurant, Tibits Zürich NZZ Bistro', 'fr': 'Zurich Restaurant, Tibits Zürich NZZ Bistro', 'it': 'Zurigo Ristorante, Tibits Zürich NZZ Bistro'}}, {'url': 'https://www.zuerich.com/sites/default/files/web_zurich_venue_tibitsbistro_pt_25232.jpg', 'caption': {'de': None, 'en': 'tibits Bistro Zürich Seefeld', 'fr': None, 'it': None}}]",20.07.2021 17:04,"['Monday', 'Tuesday', 'Wednesday', 'Thursday', 'Friday', 'Saturday', 'Sunday']","['Mo,Tu,We 7:00-22:00', 'Th,Fr 7:00-23:00', 'Sa 8:00-23:00', 'Su 9:00-22:00']",,"<p>&nbsp;</p>

<p>&nbsp;</p>
","{'addressCountry': 'CH', 'addressLocality': 'Zürich', 'postalCode': '8008', 'streetAddress': 'Falkenstrasse 12', 'telephone': '+41 44 260 32 12', 'email': None, 'url': 'https://www.tibits.ch/de/restaurants.html#zuerich-nzz-bistro'}","['Indoors', 'Outdoors']",47.364747,8.5476
14,https://schema.org/,LocalBusiness,89020,Zürich Tourismus www.zuerich.com,BY-SA,"{'Restaurants': {'swissId': ''}, 'Cuisine': {'swissId': ''}, 'Vegetarian': {'swissId': ''}, 'Vegan friendly': {'swissId': ''}}",Tibits Oerlikon,Zentral beim Sternen Oerlikon verwöhnt das vegetarische Restaurant «Tibits» seine Gäste von früh bis spät.,"<p>Wie bei jedem «Tibits» bildet das «Food Boat» das Herzstück des Restaurants. Die Gäste können zwischen 40 frisch zubereiteten vegetarischen Leckerbissen wählen und ihren Teller nach Lust und Laune zusammenstellen. Von einer grosszügigen Auswahl an Salaten über warme Hauptspeisen bis hin zu feinen Desserts, dem Genuss sind keine Grenzen gesetzt – ausser beim Fleisch, natürlich.</p> <p>Die typische «Tibits» Atmosphäre entsteht durch farbenfrohe Tapeten und ausgesuchte Stoffe, gemütliche Sitzmöglichkeiten und eine Kids-Lounge mit Spielecke, Märlitelefon und Kindertisch.</p> ",Tibits Oerlikon,Vegetarisches und veganes Restaurant in Oerlikon.,"['In Oerlikon', 'Vegetarisch & vegan', 'Kinderfreundlich']",,False,4259128853,"{'url': 'https://www.zuerich.com/sites/default/files/imagegallery/web_zurich_restaurant_tibits-oerlikon_03.jpg', 'caption': {'de': 'Zürich Restaurant, Tibits Oerlikon', 'en': 'Zurich Restaurant, Tibits Oerlikon', 'fr': 'Zurich Restaurant, Tibits Oerlikon', 'it': 'Zurigo Ristorante, Tibits Oerlikon'}}",,"[{'url': 'https://www.zuerich.com/sites/default/files/imagegallery/web_zurich_restaurant_tibits-oerlikon_02.jpg', 'caption': {'de': 'Zürich Restaurant, Tibits Oerlikon', 'en': 'Zurich Restaurant, Tibits Oerlikon', 'fr': 'Zurich Restaurant, Tibits Oerlikon', 'it': 'Zurigo Ristorante, Tibits Oerlikon'}}, {'url': 'https://www.zuerich.com/sites/default/files/web_zuerich_tibits_oerlikon_brunch_1280x960_20875.jpg', 'caption': {'de': None, 'en': '', 'fr': None, 'it': None}}, {'url': 'https://www.zuerich.com/sites/default/files/imagegallery/web_zurich_restaurant_tibits-oerlikon_03.jpg', 'caption': {'de': 'Zürich Restaurant, Tibits Oerlikon', 'en': 'Zurich Restaurant, Tibits Oerlikon', 'fr': 'Zurich Restaurant, Tibits Oerlikon', 'it': 'Zurigo Ristorante, Tibits Oerlikon'}}, {'url': 'https://www.zuerich.com/sites/default/files/web_zuerich_tibits_20877.jpg', 'caption': {'de': None, 'en': '', 'fr': None, 'it': None}}]",20.07.2021 17:04,"['Monday', 'Tuesday', 'Wednesday', 'Thursday', 'Friday', 'Saturday']","['Mo,Tu,We,Th,Fr 11:00-21:00', 'Sa 9:00-21:00']",,,"{'addressCountry': 'CH', 'addressLocality': 'Zürich', 'postalCode': '8050', 'streetAddress': 'Tramstrasse 2', 'telephone': '+41 44 317 25 55', 'email': 'reservation.oerlikon@tibits.ch', 'url': 'https://www.tibits.ch/de/restaurants.html#tibits-oerlikon'}",[],47.409084,8.546696
15,https://schema.org/,LocalBusiness,88687,Zürich Tourismus www.zuerich.com,BY-SA,"{'Restaurants': {'swissId': ''}, 'Cuisine': {'swissId': ''}, 'Vegetarian': {'swissId': ''}, 'Vegan friendly': {'swissId': ''}}",Hiltl Sihlpost,Vegetarische und vegane Genüsse in einer ehemaligen Post-Schalterhalle gleich beim Hauptbahnhof.,"<p>Es ist eine einzigartige Mischung aus kühler Funktionalität und warmem Ambiente: Die Posttheken aus den 30er-Jahren oder die Schliessfächer an der Wand zeugen noch von der ehemaligen Postfiliale.</p> <p>In der grossen Halle gibt es nun von frühmorgens bis spätabends das, was man von der Marke Hiltl kennt und erwartet: kreative, variantenreiche Speisen – fleischlos und teilweise auch vegan.</p> <p>Und natürlich diverse Kaffees, Teesorten, frische Limonaden und Säfte.</p> <p>Die Nähe des Lokals zum Hauptbahnhof Zürich ist auch für all jene praktisch, die für eine Zugfahrt etwas anderes wollen als ein Sandwich vom Kiosk.</p> ",Hiltl Sihlpost,Vegetarisch-vegane Hiltl-Vielfalt in der ehemaligen Sihlpost direkt beim Hauptbahnhof.,"['Hauptbahnhof', 'Vegetarisch-veganes Buffet', 'Ehemalige Post']",,False,4034163671,"{'url': 'https://www.zuerich.com/sites/default/files/keyvisual/web_zurich_restaurant_hiltl-sihlpost_03.jpg', 'caption': {'de': None, 'en': '', 'fr': None, 'it': None}}",,"[{'url': 'https://www.zuerich.com/sites/default/files/imagegallery/web_zurich_restaurant_hiltl-sihlpost_02.jpg', 'caption': {'de': 'Vegetarisches Restaurant in Zürich: Hiltl Sihlpost', 'en': 'Vegetarian restaurant in Zurich: Hiltl Sihlpost', 'fr': 'Restaurant végétarien à Zurich : Hiltl Sihlpost', 'it': 'Ristorante vegetariano a Zurigo: Hiltl Sihlpost'}}, {'url': 'https://www.zuerich.com/sites/default/files/imagegallery/web_zurich_restaurant_hiltl-sihlpost_04.jpg', 'caption': {'de': 'Vegetarisches Restaurant in Zürich: Hiltl Sihlpost', 'en': 'Vegetarian restaurant in Zurich: Hiltl Sihlpost', 'fr': 'Restaurant végétarien à Zurich : Hiltl Sihlpost', 'it': 'Ristorante vegetariano a Zurigo: Hiltl Sihlpost'}}, {'url': 'https://www.zuerich.com/sites/default/files/imagegallery/web_zurich_restaurant_hiltl-sihlpost_05.jpg', 'caption': {'de': 'Vegetarisches Restaurant in Zürich: Hiltl Sihlpost', 'en': 'Vegetarian restaurant in Zurich: Hiltl Sihlpost', 'fr': 'Restaurant végétarien à Zurich : Hiltl Sihlpost', 'it': 'Ristorante vegetariano a Zurigo: Hiltl Sihlpost'}}, {'url': 'https://www.zuerich.com/sites/default/files/imagegallery/web_zurich_restaurant_hiltl-sihlpost_06.jpg', 'caption': {'de': 'Vegetarisches Restaurant in Zürich: Hiltl Sihlpost', 'en': 'Vegetarian restaurant in Zurich: Hiltl Sihlpost', 'fr': 'Restaurant végétarien à Zurich : Hiltl Sihlpost', 'it': 'Ristorante vegetariano a Zurigo: Hiltl Sihlpost'}}, {'url': 'https://www.zuerich.com/sites/default/files/imagegallery/web_zurich_restaurant_hiltl-sihlpost_07.jpg', 'caption': {'de': 'Vegetarisches Restaurant in Zürich: Hiltl Sihlpost', 'en': 'Vegetarian restaurant in Zurich: Hiltl Sihlpost', 'fr': 'Restaurant végétarien à Zurich : Hiltl Sihlpost', 'it': 'Ristorante vegetariano a Zurigo: Hiltl Sihlpost'}}, {'url': 'https://www.zuerich.com/sites/default/files/imagegallery/web_zurich_restaurant_hiltl-sihlpost_01.jpg', 'caption': {'de': 'Vegetarisches Restaurant in Zürich: Hiltl Sihlpost', 'en': 'Vegetarian restaurant in Zurich: Hiltl Sihlpost', 'fr': 'Restaurant végétarien à Zurich : Hiltl Sihlpost', 'it': 'Ristorante vegetariano a Zurigo: Hiltl Sihlpost'}}, {'url': 'https://www.zuerich.com/sites/default/files/image/2021/web_zuerich_Hiltl_Sihlpost%20_1280x960_3077.jpg', 'caption': {'de': 'Hiltl Sihlpost', 'en': None, 'fr': None, 'it': None}}, {'url': 'https://www.zuerich.com/sites/default/files/image/2021/web_zuerich_Hiltl_Sihlpost%20_1280x960_3079.jpg', 'caption': {'de': 'Hiltl Sihlpost', 'en': None, 'fr': None, 'it': None}}, {'url': 'https://www.zuerich.com/sites/default/files/image/2021/web_zuerich_Hiltl_Sihlpost%20_1280x960_3081.jpg', 'caption': {'de': 'Hiltl Sihlpost', 'en': None, 'fr': None, 'it': None}}]",20.07.2021 17:04,"['Monday', 'Tuesday', 'Wednesday', 'Thursday', 'Friday', 'Saturday', 'Sunday']","['Mo,Tu,We,Th,Fr,Sa 7:00-22:00', 'Su 10:00-21:00']",,,"{'addressCountry': 'CH', 'addressLocality': 'Zürich', 'postalCode': '8004', 'streetAddress': 'Europaallee 1A', 'telephone': '+41 44 344 11 11', 'email': None, 'url': 'https://www.hiltl.ch/de/standorte/sihlpost'}",[],47.377668,8.53566
16,https://schema.org/,LocalBusiness,88657,Zürich Tourismus www.zuerich.com,BY-SA,"{'Restaurants': {'swissId': ''}, 'Cuisine': {'swissId': ''}, 'Vegetarian': {'swissId': ''}, 'Vegan friendly': {'swissId': ''}, 'International': {'swissId': ''}, 'Brunch': {'swissId': ''}, 'Lunch': {'swissId': ''}, 'Dinner': {'swissId': ''}, 'Coffee Houses & Tea Rooms': {'swissId': ''}}",The Sacred Restaurant mit Vegelateria,"Auf Fleisch verzichten, heisst nicht auf Geschmack verzichten: Im Herzen des Langstrasse-Quartiers werden geschmackvolle vegane Leckereien zubereitet.","<p>Das erste vegane Restaurant der Schweiz beweist, dass veganes Essen hervorragenden schmeckt und Spass macht. Im «Sacred» erwartet die Gäste eine lächelnde Welt der feinen Genüsse.</p> <p>Der Name weist auf die besondere Beziehung, die die Macher zu allen Lebensmitteln haben, sie sehen sich als Teil der Natur und nicht als Herrscher über sie. Darum tun sie alles, um im Einklang mit dem natürlichen Kreislauf zu bleiben.</p> ",The Sacred Restaurant mit Vegelateria,"Geschmackvolle, frische und spannende vegane Küche mitten im Langstrasse-Quartier.","['Vegan', 'Bio', 'Langstrasse-Quartier']",,False,1035744153,"{'url': 'https://www.zuerich.com/sites/default/files/keyvisual/web_zurich_restaurant_thesacred-vegelateria_03.jpg', 'caption': {'de': 'The Sacred – Vegelateria, veganes Bio-Restaurant in Zürich', 'en': 'The Sacred – Vegelateria, Vegan and organic restaurant in Zurich', 'fr': 'The Sacred – Vegelateria, restaurant végétalien et biologique à Zurich', 'it': 'The Sacred – Vegelateria, ristorante vegano e biologico a Zurigo'}}",,"[{'url': 'https://www.zuerich.com/sites/default/files/imagegallery/web_zuerich_sacred.jpg', 'caption': {'de': 'Mahlzeit', 'en': 'Food', 'fr': 'The Sacred', 'it': 'The Sacred'}}, {'url': 'https://www.zuerich.com/sites/default/files/imagegallery/web_zurich_restaurant_thesacred-vegelateria_04.jpg', 'caption': {'de': 'The Sacred – Vegelateria, veganes Bio-Restaurant in Zürich', 'en': 'The Sacred – Vegelateria, Vegan and organic restaurant in Zurich', 'fr': 'The Sacred – Vegelateria, restaurant végétalien et biologique à Zurich', 'it': 'The Sacred – Vegelateria, ristorante vegano e biologico a Zurigo'}}, {'url': 'https://www.zuerich.com/sites/default/files/imagegallery/web_zurich_restaurant_thesacred-vegelateria_02.jpg', 'caption': {'de': 'The Sacred – Vegelateria, veganes Bio-Restaurant in Zürich', 'en': 'The Sacred – Vegelateria, Vegan and organic restaurant in Zurich', 'fr': 'The Sacred – Vegelateria, restaurant végétalien et biologique à Zurich', 'it': 'The Sacred – Vegelateria, ristorante vegano e biologico a Zurigo'}}, {'url': 'https://www.zuerich.com/sites/default/files/imagegallery/web_zurich_restaurant_thesacred-vegelateria_01.jpg', 'caption': {'de': 'The Sacred – Vegelateria, veganes Bio-Restaurant in Zürich', 'en': 'The Sacred – Vegelateria, Vegan and organic restaurant in Zurich', 'fr': 'The Sacred – Vegelateria, restaurant végétalien et biologique à Zurich', 'it': 'The Sacred – Vegelateria, ristorante vegano e biologico a Zurigo'}}, {'url': 'https://www.zuerich.com/sites/default/files/web_zuerich_thesacred_vegelateria_1280x960_15892.jpg', 'caption': {'de': None, 'en': '', 'fr': None, 'it': None}}]",21.07.2021 09:16,"['Monday', 'Tuesday', 'Wednesday', 'Thursday', 'Friday', 'Saturday']","['Mo,Tu,We,Th,Fr,Sa 11:00-21:00']",,,"{'addressCountry': 'CH', 'addressLocality': 'Zürich', 'postalCode': '8004', 'streetAddress': 'Müllerstrasse 64', 'telephone': '+41 44 558 70 35', 'email': 'info@vegelateria.ch', 'url': 'https://www.vegelateria.ch'}",[],47.376062,8.52887
17,https://schema.org/,LocalBusiness,33964,Zürich Tourismus www.zuerich.com,BY-SA,"{'Restaurants': {'swissId': ''}, 'Cuisine': {'swissId': ''}, 'Vegetarian': {'swissId': ''}, 'Vegan friendly': {'swissId': ''}, 'International': {'swissId': ''}, 'Meal': {'swissId': ''}, 'Brunch': {'swissId': ''}, 'Lunch': {'swissId': ''}, 'Dinner': {'swissId': ''}}",Hiltl Dachterrasse,Über den Dächern von Zürich speist es sich am schönsten. Eine besondere kulinarische Oase hoch über der Bahnhofstrasse bietet die Hiltl Dachterrasse.,"<p>Auf der Hiltl Dachterrasse schlemmt man sich – typisch Hiltl – durch vegetarische und vegane Köstlichkeiten aus aller Welt.</p> <p>Das Haus Hiltl ist – gemäss Guinness World Records – das älteste vegetarische Restaurant der Welt. In Zürich hat Hiltl mit der Dachterrasse über dem Modehaus PKZ women einen weiteren, wunderschönen Standort erschaffen. Hier geniessen Gäste – nebst dem vegetarischen Buffet – den Blick auf die viel belebte Bahnhofstrasse und kosten sich durch edle Kaffee- und Teespezialitäten. An der Bar gibt es gediegene Cocktails für den Aperitif mitten in – und über – der Stadt.</p> <p>Übrigens: Alle Speisen der Dachterrasse Hiltl können ganz praktisch auch als Take-Away mitgenommen werden.</p> ",Hiltl Dachterrasse,Vegetarisches und veganes Buffet auch als Take-Away mit Blick über die Bahnhofstrasse.,"['Bahnhofstrasse', 'Vegetarisch-veganes Buffet', 'Dachterrasse']",,False,4941865456,"{'url': 'https://www.zuerich.com/sites/default/files/imagegallery/web_zuerich_restaurant_hiltl-dachterrasse_03.jpg', 'caption': {'de': 'Zürich Restaurant, Hiltl Dachterrasse', 'en': 'Zurich Restaurant, Hiltl Dachterrasse', 'fr': 'Zurich Restaurant, Hiltl Dachterrasse', 'it': 'Zurigo Ristorante, Hiltl Dachterrasse'}}",,"[{'url': 'https://www.zuerich.com/sites/default/files/web_zuerich_dachterrasse_hiltl_10362.jpg', 'caption': {'de': 'Terrasse', 'en': 'Terrace', 'fr': 'Terrasse', 'it': 'Terrazza'}}, {'url': 'https://www.zuerich.com/sites/default/files/imagegallery/web_zuerich_restaurant_hiltl-dachterrasse_0.jpg', 'caption': {'de': 'Zürich Restaurant, Hiltl Dachterrasse', 'en': 'Zurich Restaurant, Hiltl Dachterrasse', 'fr': 'Zurich Restaurant, Hiltl Dachterrasse', 'it': 'Zurigo Ristorante, Hiltl Dachterrasse'}}, {'url': 'https://www.zuerich.com/sites/default/files/imagegallery/web_zuerich_restaurant_hiltl-dachterrasse_02.jpg', 'caption': {'de': 'Zürich Restaurant, Hiltl Dachterrasse', 'en': 'Zurich Restaurant, Hiltl Dachterrasse', 'fr': 'Zurich Restaurant, Hiltl Dachterrasse', 'it': 'Zurigo Ristorante, Hiltl Dachterrasse'}}, {'url': 'https://www.zuerich.com/sites/default/files/imagegallery/web_zuerich_restaurant_hiltl-dachterrasse_01.jpg', 'caption': {'de': 'Zurich Restaurant, Hiltl Dachterrasse', 'en': 'Zurich Restaurant, Hiltl Dachterrasse', 'fr': 'Zurich Restaurant, Hiltl Dachterrasse', 'it': 'Zurich Restaurant, Hiltl Dachterrasse'}}, {'url': 'https://www.zuerich.com/sites/default/files/imagegallery/web_zuerich_restaurant_hiltl-dachterrasse_03.jpg', 'caption': {'de': 'Zürich Restaurant, Hiltl Dachterrasse', 'en': 'Zurich Restaurant, Hiltl Dachterrasse', 'fr': 'Zurich Restaurant, Hiltl Dachterrasse', 'it': 'Zurigo Ristorante, Hiltl Dachterrasse'}}]",21.07.2021 09:16,"['Monday', 'Tuesday', 'Wednesday', 'Thursday', 'Friday', 'Saturday', 'Sunday']","['Mo,Tu,We,Th 11:00-22:00', 'Fr,Sa 11:00-23:00', 'Su 10:00-20:00']",,"<p>Achtung: Nach Ladenschluss von PKZ Women den Eingang an der Beatengasse benutzen.</p>
","{'addressCountry': 'CH', 'addressLocality': 'Zürich', 'postalCode': '8001', 'streetAddress': 'Bahnhofstrasse 88', 'telephone': '+41 44 888 88 00', 'email': None, 'url': 'http://www.hiltl.ch/de/standorte/dachterrasse'}","['Indoors', 'Outdoors']",47.375652,8.539802
18,https://schema.org/,LocalBusiness,16091,Zürich Tourismus www.zuerich.com,BY-SA,"{'Restaurants': {'swissId': ''}, 'Cuisine': {'swissId': ''}, 'Vegetarian': {'swissId': ''}, 'Vegan friendly': {'swissId': ''}}",Marktküche,"Nicht nur bei Veganern beliebt: Die Marktküche im Zürcher Kreis 4 bietet allen Geniessern erlesene Gerichte, die keine Wünsche offen lassen.","<p>«Keine Imitation, sondern kreative Küche», lautet das Credo der Marktküche. Das vegane Restaurant verzichtet auf Fleisch und tierische Produkte und bietet stattdessen erlesene pflanzliche und regionale Zutaten. Vom selbst gebackenen Brot bis zu den hausgemachten Teigwaren: Genuss wird grossgeschrieben.</p> <p>Die Karte setzt auf Überraschung: Der Gast wählt lediglich die Anzahl Gänge und lässt sich dann von der kulinarischen Welt der Marktküche überzeugen. Das Konzept spricht ein urbanes Publikum an. Die gepflegte Atmosphäre der «Marktküche» bietet Geniessern und Neugierigen von überall ein spannendes Esserlebnis.</p> ",Marktküche,"Kreative, vegane Küche mit Überraschungsmenüs im Kreis 4.","['Im Kreis 4', 'Vegane Küche', '15 Gault-Millau-Punkte']",,False,737145375,"{'url': 'https://www.zuerich.com/sites/default/files/keyvisual/web_zurich_restaurant_marktkueche_03.jpg', 'caption': {'de': 'Veganes Restaurant Marktküche in Zürich', 'en': 'Vegan Restaurant Marktküche in Zurich', 'fr': 'Restaurant végétalien Marktküche à Zurich', 'it': 'Vegan Restaurant Marktküche in Zurich'}}",,"[{'url': 'https://www.zuerich.com/sites/default/files/imagegallery/web_zurich_restaurant_marktkueche_01.jpg', 'caption': {'de': 'Veganes Restaurant Marktküche in Zürich', 'en': 'Vegan Restaurant Marktküche in Zurich', 'fr': 'Restaurant végétalien Marktküche à Zurich', 'it': 'Ristorante vegano Marktküche a Zurigo'}}, {'url': 'https://www.zuerich.com/sites/default/files/imagegallery/web_zurich_restaurant_marktkueche_02.jpg', 'caption': {'de': 'Veganes Restaurant Marktküche in Zürich', 'en': 'Vegan Restaurant Marktküche in Zurich', 'fr': 'Restaurant végétalien Marktküche à Zurich', 'it': 'Ristorante vegano Marktküche a Zurigo'}}]",20.07.2021 17:04,"['Tuesday', 'Wednesday', 'Thursday', 'Friday', 'Saturday']","['Tu,We,Th,Fr 17:30-23:30', 'Sa 17:00-23:30']",,"<p>Am Mittag nur noch jeden letzten Freitag im Monat geöffnet.</p>

<p>&nbsp;</p>
","{'addressCountry': 'CH', 'addressLocality': 'Zürich', 'postalCode': '8004', 'streetAddress': 'Feldstrasse 98', 'telephone': '+41 44 211 22 11', 'email': 'info@marktkueche.ch', 'url': 'https://www.marktkueche.ch'}",[],47.378717,8.523354
19,https://schema.org/,LocalBusiness,6606,Zürich Tourismus www.zuerich.com,BY-SA,"{'Restaurants': {'swissId': ''}, 'Cuisine': {'swissId': ''}, 'Vegetarian': {'swissId': ''}, 'Vegan friendly': {'swissId': ''}, 'Swiss Specialties': {'swissId': ''}}",TimeOut,"Oberhalb vom Bellevue, in der Nähe vom Kunsthaus und Schauspielhaus, befindet sich das Restaurant Time Out, das zum Hotel St. Josef gehört.","<p>Mittags geniessen die Gäste des «Time Out» täglich wechselnde Menüs zu fairen Preisen, abends werden sie bei Kerzenschein mit saisonalen Köstlichkeiten in gemütlichem Ambiente verwöhnt. Bei schönem Wetter lädt das lauschige Sommergärtchen zum Verweilen ein.</p> <p>Für Feiern im Kreise der Familie und der Liebsten bietet das «Time Out» Platz für bis zu 65 Personen.</p> ",TimeOut,Bestes Essen im heimeligen Stadthotel mit lauschigem Sommergärtchen.,"['Nahe Kunsthaus', 'Hotel St. Josef', 'Sommergarten', 'Auch für Anlässe buchbar']",,False,1586370725,"{'url': 'https://www.zuerich.com/sites/default/files/nethotel-images/490000343_22_b1b71403-e6fd-42c8-8145-1d5083f450dc.jpg', 'caption': {'de': 'Terrasse Hotel St. Josef', 'en': 'Terrace Hotel St. Josef', 'fr': 'terrasse Hôtel St. Josef', 'it': 'Terrazza Albergo St. Josef'}}",,,20.07.2021 17:04,"['Monday', 'Tuesday', 'Wednesday', 'Thursday', 'Friday', 'Saturday', 'Sunday']","['Mo,Tu,We,Th,Fr 11:30-14:00', 'Mo,Tu,We,Th,Fr,Sa 17:30-21:30', 'Sa 6:30-10:00', 'Su 7:00-10:30']",,"<p>Frühstück<br />
Montag bis Samstag, 06.30 – 10.00 Uhr<br />
Sonntag, 07.00 – 10.30 Uhr</p>
","{'addressCountry': 'CH', 'addressLocality': 'Zürich', 'postalCode': '8001', 'streetAddress': 'Hirschengraben 64', 'telephone': '+41 44 250 57 87', 'email': 'info@restaurant-time-out.ch', 'url': 'https://www.st-josef.ch/das-restaurant/'}",[],47.375348,8.545875
20,https://schema.org/,LocalBusiness,6487,Zürich Tourismus www.zuerich.com,BY-SA,"{'Restaurants': {'swissId': ''}, 'Cuisine': {'swissId': ''}, 'Vegetarian': {'swissId': ''}, 'Vegan friendly': {'swissId': ''}, 'Asian': {'swissId': ''}, 'Oriental': {'swissId': ''}}",Malabar,Gegenüber vom Hallenstadion Zürich erlebt man innovative Küche aus Südindien. ,"<p>Die Malabarküste – auch Pfefferküste genannt – liegt im Südwesten Indiens. Die Pflanzen und Gewürze, die hier wachsen, finden ihren Weg in die Küche des Malabar in Zürich Oerlikon.</p> <p>Tamarinde, Ingwer, Zimt und natürlich Pfeffer: Für jedes Gericht stellt das Küchenteam eine spezielle Gewürzmischung her.&nbsp; Die innovative Küche des Malabar legt Wert auf lokale und saisonale Zutaten und lässt nicht nur indische Klassiker wie Thalis, Curries und Tandoori-Gerichte in einem neuen Licht erscheinen.</p> <p>Sie begeistert auch mit südindischen Fischspezialitäten sowie mit vegetarischen, veganen und halal Köstlichkeiten.</p> ",Malabar,"Klassische, südindische Küche und innovative Kreationen unweit des Zürcher Hallenstadions.","['Nähe Hallenstadion Zürich', 'Südindische Küche', 'Kochkurse', 'Take Away']",,False,1864751576,"{'url': 'https://www.zuerich.com/sites/default/files/keyvisual/web_zurich_gastro_malabar_01.jpg', 'caption': {'de': None, 'en': '', 'fr': None, 'it': None}}",,[],20.07.2021 17:04,"['Tuesday', 'Wednesday', 'Thursday', 'Friday', 'Saturday', 'Sunday']","['Tu,We,Th,Fr 11:30-14:00']",,,"{'addressCountry': 'CH', 'addressLocality': 'Zürich', 'postalCode': '8050', 'streetAddress': 'Wallisellenstrasse 11', 'telephone': '+41 44 311 31 17', 'email': 'info@malabar-restaurant.ch', 'url': 'https://www.malabar-restaurant.ch'}",[],47.410509,8.548421
21,https://schema.org/,LocalBusiness,6164,Zürich Tourismus www.zuerich.com,BY-SA,"{'Restaurants': {'swissId': ''}, 'Vegetarian': {'swissId': ''}, 'Vegan friendly': {'swissId': ''}, 'Lunch': {'swissId': ''}}",Hiltl Pflanzbar,Die Pflanzbar bietet vegetarische Spezialitäten und einzigartiges Ambiente in einem der schönsten Blumengeschäfte von Zürich.,"<p>Gleich um die Ecke vom Alten Botanischen Garten in Zürich hat sich die Pflanzbar im Blumenladen Krämer eingenistet. Umgeben von frischen Blumen gibt es hier fleischlose Spezialitäten aus dem Haus Hiltl, dem ältesten vegetarischen Restaurant der Welt. Eilige können sich am Take-Away bedienen, wer etwas Zeit hat, geniesst eine Auszeit im Grünen.Mittags sind die Schüsseln am Hiltl-Buffet gefüllt mit vegetarischen und veganen Genüssen, abends bietet die Pflanzbar eine stilvolle Event-Location mit Hiltl Catering.</p>",Hiltl Pflanzbar,"Blumenladen und vegetarisches Restaurant in einem, direkt um die Ecke vom alten botanischen Garten.","['Im Kreis 1', 'Vegetarisch-veganes Buffet', 'Blumenladen']",,False,4909023750,"{'url': 'https://www.zuerich.com/sites/default/files/keyvisual/web_zurich_gastronomie_hiltl-pflanzbar_lunch.jpg', 'caption': {'de': 'Hiltl in der Pflanzbar in Zürich, Vegetarische Küche', 'en': 'Hiltl at Pflanzbar in Zurich, Vegetarian specialties', 'fr': 'Hiltl du Pflanzbar à Zurich, Spécialités végétariennes', 'it': 'Hiltl nel Pflanzbar a Zurigo, specialità vegetariane'}}",,"[{'url': 'https://www.zuerich.com/sites/default/files/imagegallery/web_zurich_gastronomie_hiltl-pflanzbar_buffet.jpg', 'caption': {'de': 'Hiltl in der Pflanzbar in Zürich, Mittags-Buffet', 'en': 'Hiltl at Pflanzbar in Zurich, Lunch Buffet', 'fr': 'Hiltl du Pflanzbar à Zurich, Buffet du midi', 'it': 'Hiltl nel Pflanzbar a Zurigo, buffet pranzo'}}, {'url': 'https://www.zuerich.com/sites/default/files/imagegallery/web_zurich_gastronomie_hiltl-pflanzbar_bar.jpg', 'caption': {'de': 'Hiltl in der Pflanzbar in Zürich, Take-Away', 'en': 'Hiltl at Pflanzbar in Zurich, Take away', 'fr': 'Hiltl du Pflanzbar à Zurich, Plats à emporter', 'it': 'Hiltl nel Pflanzbar a Zurigo, Take-away'}}, {'url': 'https://www.zuerich.com/sites/default/files/keyvisual/web_zurich_gastronomie_hiltl-pflanzbar_lunch.jpg', 'caption': {'de': 'Hiltl in der Pflanzbar in Zürich, Vegetarische Küche', 'en': 'Hiltl at Pflanzbar in Zurich, Vegetarian specialties', 'fr': 'Hiltl du Pflanzbar à Zurich, Spécialités végétariennes', 'it': 'Hiltl nel Pflanzbar a Zurigo, specialità vegetariane'}}]",20.07.2021 17:04,"['Monday', 'Tuesday', 'Wednesday', 'Thursday', 'Friday']","['Mo,Tu,We,Th,Fr 11:00-14:00']",,"<p>&nbsp;</p>

<p>&nbsp;</p>
","{'addressCountry': 'CH', 'addressLocality': 'Zürich', 'postalCode': '8001', 'streetAddress': 'Talstrasse 62', 'telephone': '+41 43 497 36 16', 'email': 'info@hiltl.ch', 'url': 'https://www.hiltl.ch/pflanzbar'}",[],47.370545,8.535769
22,https://schema.org/,LocalBusiness,4397,Zürich Tourismus www.zuerich.com,BY-SA,"{'Restaurants': {'swissId': ''}, 'Cuisine': {'swissId': ''}, 'Vegetarian': {'swissId': ''}, 'Asian': {'swissId': ''}, 'Sushi': {'swissId': ''}, 'International': {'swissId': ''}, 'Meal': {'swissId': ''}, 'Breakfast': {'swissId': ''}, 'Lunch': {'swissId': ''}, 'Dinner': {'swissId': ''}}",Globus Food Hall,Die Globus Food Hall ist der Treffpunkt am Bellevue zu jeder Tageszeit – vom Frühstück bis zum Late-Night-Imbiss.,"<p>Die Food Hall ist sieben Tage die Woche geöffnet. Dort begibt man sich auf eine kulinarische Weltreise: Unter anderem werden Tapas und Sushi, authentisch zubereitete Wok-Gerichte, knackige Salate sowie verschiedenste Panini angeboten. Eine grosse Auswahl an Dolci rundet das Angebot ab.</p> <p>Alle Spezialitäten sind auch als Take-Away erhältlich.</p> ",Globus Food Hall,Für den kleinen Snack zwischendurch oder eine volle Mahlzeit immer eine gute Adresse.,"['Sieben Tage die Woche offen', 'Gerichte aus aller Welt', 'Globus am Bellevue']",,False,638418728,"{'url': 'https://www.zuerich.com/sites/default/files/keyvisual/web_zurich_gastronomie_globus-bellevue_02.jpg', 'caption': {'de': 'Globus Zurich Bellevue Restaurant Food Hall', 'en': 'Globus Zurich Bellevue Restaurant Food Hall', 'fr': 'Globus Zurich Bellevue Restaurant Food Hall', 'it': 'Globus Zurigo Bellevue Ristaurante Food Hall'}}",,"[{'url': 'https://www.zuerich.com/sites/default/files/imagegallery/web_zurich_gastronomie_globus-bellevue_01.jpg', 'caption': {'de': 'Globus Bellevue Zürich Aussenansicht', 'en': 'Globus Bellevue Zurich exterior view', 'fr': ""Globus Bellevue Zurich vue de l'extérieur"", 'it': 'Globus Bellevue Zurigo'}}, {'url': 'https://www.zuerich.com/sites/default/files/imagegallery/web_zurich_gastronomie_globus_bellevue_04.jpg', 'caption': {'de': 'Globus Bellevue Zürich Innenansicht', 'en': 'Globus Bellevue Zurich Interior View', 'fr': ""Globus Bellevue Zurich vue de l'interieur"", 'it': 'Globus Bellevue Zurigo vista interna'}}, {'url': 'https://www.zuerich.com/sites/default/files/imagegallery/web_zurich_gastronomie_globus-bellevue_03.jpg', 'caption': {'de': 'Globus Bellevue Zürich Innenansicht', 'en': 'Globus Bellevue Zurich Interior View', 'fr': ""Globus Bellevue Zurich vue de l'interieur"", 'it': 'Globus Bellevue Zurigo vista interna'}}, {'url': 'https://www.zuerich.com/sites/default/files/web_zuerich_globus_shopping_9860.jpg', 'caption': {'de': None, 'en': '', 'fr': None, 'it': None}}]",26.11.2021 11:20,"['Monday', 'Tuesday', 'Wednesday', 'Thursday', 'Friday', 'Saturday', 'Sunday']","['Mo,Tu,We,Th,Fr 8:00-21:30', 'Sa 8:30-21:30', 'Su 11:00-20:00']",,"<p><strong>Globus Bar</strong></p>

<p>Montag bis Donnerstag, 10.00 – 23.00 Uhr<br />
Freitag&nbsp; 10.00 – 23.30 Uhr<br />
Samstag 09.00 – 23.30 Uhr<br />
Sonntag 12.00 – 22.00 Uhr</p>
","{'addressCountry': 'CH', 'addressLocality': 'Zürich', 'postalCode': '8001', 'streetAddress': 'Theaterstrasse 12', 'telephone': '058 578 67 67', 'email': 'info.bellevue@globus.ch', 'url': 'https://www.globus.ch/filialsuche/store/105'}",[],47.366744,8.546441
23,https://schema.org/,LocalBusiness,2462,Zürich Tourismus www.zuerich.com,BY-SA,"{'Restaurants': {'swissId': ''}, 'Cuisine': {'swissId': ''}, 'Vegetarian': {'swissId': ''}, 'Vegan friendly': {'swissId': ''}, 'Swiss Specialties': {'swissId': ''}, 'Mediterranean': {'swissId': ''}, 'Brunch': {'swissId': ''}, 'Lunch': {'swissId': ''}, 'Dinner': {'swissId': ''}, 'Online Bookings': {'swissId': ''}}",Haus Hiltl,"Das erste vegetarische Restaurant der Welt steht mitten in Zürich, nahe der Bahnhofstrasse.","<p>Das Haus Hiltl ist gemäss Guinness World Records das erste vegetarische Restaurant der Welt. Seit 1898 verwöhnt das nach seinem Gründer Ambrosius Hiltl benannte Restaurant Vegetarier und Nichtvegetarier mit fleischlosen Spezialitäten aus aller Welt.</p> <p>Im Haus Hiltl nahe der Bahnhofstrasse finden Gäste ein bedientes à-la-carte-Restaurant, ebenso wie das beliebte Hiltl Buffet, an welchem Gäste aus über 100 hausgemachten Köstlichkeiten, frischgepressten Fruchtsäften und Limonaden wählen dürfen.</p> <p>In vierter Generation durch die Familie Hiltl geführt, ist das Haus auch eine Akademie, wo Seminare und Kurse stattfinden können. Zudem befindet sich die erste vegetarische Metzgerei der Schweiz an diesem Standort.</p> ",Haus Hiltl,"Das erste vegetarische Restaurant der Welt steht mitten in Zürich, nahe der Bahnhofstrasse.","['Nahe Bahnhofstrasse', 'Erstes vegetarisches Restaurant der Welt', 'Riesiges vegetarisch-veganes Buffet', 'Vegetarische Metzgerei']",Zürich Card: Kulinarische Überraschung,True,119247298,"{'url': 'https://www.zuerich.com/sites/default/files/keyvisual/web_zurich_gastronomie_hiltl_02.jpg', 'caption': {'de': 'Hiltl, Aussenansicht', 'en': 'Hiltl, Exterior View', 'fr': 'Hiltl, aspect extérieur', 'it': 'Hiltl, vista esterna'}}",,,20.07.2021 17:04,"['Monday', 'Tuesday', 'Wednesday', 'Thursday', 'Friday', 'Saturday', 'Sunday']","['Mo,Tu,We,Th 9:00-22:00', 'Fr,Sa 9:00-23:00', 'Su 10:00-21:00']",,,"{'addressCountry': 'CH', 'addressLocality': 'Zürich', 'postalCode': '8001', 'streetAddress': 'Sihlstrasse 28', 'telephone': '+41 44 227 70 00', 'email': 'info@hiltl.ch', 'url': 'https://www.hiltl.ch'}",[],47.373304,8.53675
24,https://schema.org/,LocalBusiness,2085,Zürich Tourismus www.zuerich.com,BY-SA,"{'Restaurants': {'swissId': ''}, 'Cuisine': {'swissId': ''}, 'Vegetarian': {'swissId': ''}, 'Breakfast': {'swissId': ''}, 'Lunch': {'swissId': ''}, 'Dinner': {'swissId': ''}, 'Coffee Houses & Tea Rooms': {'swissId': ''}, 'Atmosphere': {'swissId': ''}, 'Cool and Trendy': {'swissId': ''}, 'Bars & Lounges': {'swissId': ''}, 'Restaurant & Bar': {'swissId': ''}, 'Neighborhood Bar': {'swissId': ''}}",Z am Park,Das Café-Restaurant «Z am Park» befindet sich ganz in der Nähe vom Friedhof Sihlfeld und dem Albisriederplatz.,"<p>Mitten im schönen Kreis 3, bei der beliebten Fritschiwiese und unweit vom Idaplatz, befindet sich das «Z am Park».</p><p>In diesem schlicht eingerichteten und doch sehr gemütlichen Café sind Gastfreundschaft, Qualität und Freundlichkeit die obersten Gebote. Die Produkte werden, wenn möglich, von Lokalen Lieferanten bezogen, die auf Nachhaltigkeit und Qualität achten. Und bei der Zubereitung des Kaffees baut das «Z am Park» auf die klassische Barista Kultur. Diese Haltung schmeckt man dann in jedem Bissen und bei jedem Schluck.</p><p>Am Wochenende bleiben die Gäste noch ein bisschen länger sitzen und geniessen ein ausgedehntes Frühstück – wenn es warm ist, draussen auf der kleinen Sonnenterrasse.</p>",Z am Park,Innovatives und gemütliches Café unweit vom Friedhof Sihlfeld und dem Idaplatz.,"['Frühstück am Wochenende', 'Specialty Coffee', 'Sonnenterrasse']",,False,104300787,"{'url': 'https://www.zuerich.com/sites/default/files/keyvisual/web_zurich_gastronomie_z-am-park_01.jpg', 'caption': {'de': None, 'en': '', 'fr': None, 'it': None}}",,"[{'url': 'https://www.zuerich.com/sites/default/files/imagegallery/web_zuerich_zampark_2764.jpg', 'caption': {'de': None, 'en': '', 'fr': None, 'it': None}}, {'url': 'https://www.zuerich.com/sites/default/files/imagegallery/web_zuerich_zampark_17488.jpg', 'caption': {'de': None, 'en': '', 'fr': None, 'it': None}}, {'url': 'https://www.zuerich.com/sites/default/files/image/2020/web_zuerich_Z_am_Park_1280x960__17485.jpg', 'caption': {'de': None, 'en': 'Z am Park', 'fr': None, 'it': None}}, {'url': 'https://www.zuerich.com/sites/default/files/image/2020/web_zuerich_Z_am_Park_1280x960_17484.jpg', 'caption': {'de': None, 'en': 'Z am Park', 'fr': None, 'it': None}}]",21.07.2021 09:16,"['Monday', 'Tuesday', 'Wednesday', 'Thursday', 'Friday', 'Saturday', 'Sunday']","['Tu,We,Th,Fr 13:30-22:00', 'Sa,Su 10:00-18:00']",,"<p>Sonntag: Sommer 10.00 – 24.00 Uhr / Winter 10.00 – 18.00 Uhr</p>
","{'addressCountry': 'CH', 'addressLocality': 'Zürich', 'postalCode': '8003', 'streetAddress': 'Zurlindenstrasse 275', 'telephone': '+41 43 931 73 74', 'email': 'info@zampark.ch', 'url': 'https://www.zampark.ch'}",[],47.37651,8.511279
25,https://schema.org/,LocalBusiness,2014,Zürich Tourismus www.zuerich.com,BY-SA,"{'Restaurants': {'swissId': ''}, 'Cuisine': {'swissId': ''}, 'Vegetarian': {'swissId': ''}, 'Vegan friendly': {'swissId': ''}, 'Meal': {'swissId': ''}, 'Breakfast': {'swissId': ''}, 'Brunch': {'swissId': ''}, 'Lunch': {'swissId': ''}, 'Dinner': {'swissId': ''}}",Tibits Seefeld,"Im «Tibits» Seefeld hat alles begonnen: Im Jahr 2000 eröffnete das vegetarische Selbstbedienungsrestaurant, das sich noch heute grösster Beliebtheit erfreut.","<p>Wie bei jedem «Tibits» bildet das « Food Boat» das Herzstück des Restaurants. Die Gäste können zwischen 40 frisch zubereiteten vegetarischen Leckerbissen wählen und ihren Teller nach Lust und Laune zusammenstellen.</p> <p>Von einer grosszügigen Auswahl an Salaten über warme Hauptspeisen bis hin zu feinen Desserts, dem Genuss sind keine Grenzen gesetzt – ausser beim Fleisch, natürlich.</p> <p>Die typische «Tibits» Atmosphäre entsteht durch farbenfrohe Tapeten und ausgesuchte Stoffe, gemütliche Sitzmöglichkeiten und eine Kids-Lounge mit Spielecke, Märlitelefon und Kindertisch.</p> ",Tibits Seefeld,Vegetarisches und veganes Selbstbedienungsrestaurant im Seefeld.,"['Seefeld', 'Vegetarisch & vegan', 'Durchgehend offen']",,False,4880906379,"{'url': 'https://www.zuerich.com/sites/default/files/keyvisual/web_zurich_gastronomie_tibits_nzz_01.jpg', 'caption': {'de': 'Restaurant Tibits Zürich Aussenansicht', 'en': 'Restaurant Zurich Tibits Exterior View', 'fr': 'Restaurnat Tibits Zurich aspect extérieur', 'it': 'Ristaurante Tibits Zurigo '}}",,"[{'url': 'https://www.zuerich.com/sites/default/files/web_zurich_restaurants_tibits-seefeld_01.jpg', 'caption': {'de': 'Restaurant Tibits Zürich Buffet', 'en': 'Restaurant Tibits Zurich Buffet', 'fr': 'Restaurant Tibits Zurich Buffet', 'it': 'Ristorante Tibits Zurigo Buffet'}}, {'url': 'https://www.zuerich.com/sites/default/files/imagegallery/web_zurich_restaurants_tibits-seefeld_04.jpg', 'caption': {'de': 'Zürich Restaurant, tibits Seefeld', 'en': 'Zurich Restaurant, tibits Seefeld', 'fr': 'Zurich Restaurant, tibits Seefeld', 'it': 'Zurigo Ristorante, tibits Seefeld'}}, {'url': 'https://www.zuerich.com/sites/default/files/imagegallery/web_zurich_restaurants_tibits-seefeld_03.jpg', 'caption': {'de': 'Zürich Restaurant, tibits Seefeld', 'en': 'Zurich Restaurant, tibits Seefeld', 'fr': 'Zurich Restaurant, tibits Seefeld', 'it': 'Zurigo Ristorante, tibits Seefeld'}}, {'url': 'https://www.zuerich.com/sites/default/files/imagegallery/web_zurich_restaurants_tibits-seefeld_02.jpg', 'caption': {'de': 'Zurich Restaurant, tibits Seefeld', 'en': 'Zurich Restaurant, tibits Seefeld', 'fr': 'Zurich Restaurant, tibits Seefeld', 'it': 'Zurigo Ristorante, tibits Seefeld'}}]",21.07.2021 09:16,"['Monday', 'Tuesday', 'Wednesday', 'Thursday', 'Friday', 'Saturday', 'Sunday']","['Mo,Tu,We 7:00-22:00', 'Th,Fr 7:00-23:00', 'Sa 8:00-23:00', 'Su 9:00-22:00']",,,"{'addressCountry': 'CH', 'addressLocality': 'Zürich', 'postalCode': '8008', 'streetAddress': 'Seefeldstrasse 2', 'telephone': '+41 44 260 32 22', 'email': 'info@tibits.ch', 'url': 'https://www.tibits.ch'}",[],47.364953,8.547887
26,https://schema.org/,LocalBusiness,1924,Zürich Tourismus www.zuerich.com,BY-SA,"{'Restaurants': {'swissId': ''}, 'Cuisine': {'swissId': ''}, 'Vegetarian': {'swissId': ''}, 'Italian': {'swissId': ''}, 'Pasta': {'swissId': ''}, 'Meal': {'swissId': ''}, 'Lunch': {'swissId': ''}, 'Dinner': {'swissId': ''}}",Tschingg Oberdorf,Mitten in der Altstadt von Zürich und in der Nähe des Bellevues befindet sich der Pasta-Take-Away Tschingg.,"<p>Im Pasta-Take-Away Tschingg finden die Gäste täglich frisch zubereitete Pasta-Gerichte aus Zutaten von bester Qualität zu einem günstigen Preis. </p><p>Hungrige Gäste können von Take-Away als auch vom Restaurationsbetrieb mit netter Bedienung Gebrauch machen - und das nicht nur tagsüber, sondern auch abends. So stehen täglich verschiedene Menus zur Auswahl und über die Wintermonate frisch gekochte Minestrone.</p><p>Täglich werden ausserdem frische Fruchtsäfte aus kontrollierten, reifen und geschmackvollen Früchten gepresst.</p>",Tschingg Oberdorf,Hier stehen täglich verschiedene Menus zur Auswahl und über die Wintermonate frisch gekochte Minestrone. ,"['Pasta Take-Away', 'Hausgemachte Glace', 'Frisch, saisonal', 'Zentral']",,False,916616151,"{'url': 'https://www.zuerich.com/sites/default/files/web_zuerich_tschingg_oberdorf_1280x960_31585.jpg', 'caption': {'de': None, 'en': 'Tschingg Oberdorf', 'fr': None, 'it': None}}",,"[{'url': 'https://www.zuerich.com/sites/default/files/web_zuerich_tschingg_1280x960_31573.jpg', 'caption': {'de': None, 'en': '', 'fr': None, 'it': None}}, {'url': 'https://www.zuerich.com/sites/default/files/web_zuerich_tschingg_1280x960_31575.jpg', 'caption': {'de': None, 'en': '', 'fr': None, 'it': None}}, {'url': 'https://www.zuerich.com/sites/default/files/web_zuerich_tschingg_1280x960_31578.jpg', 'caption': {'de': None, 'en': '', 'fr': None, 'it': None}}, {'url': 'https://www.zuerich.com/sites/default/files/web_zuerich_tschingg_1280x960_31579.jpg', 'caption': {'de': None, 'en': '', 'fr': None, 'it': None}}]",20.07.2021 17:04,"['Monday', 'Tuesday', 'Wednesday', 'Thursday', 'Friday', 'Saturday']","['Mo,Tu,We,Th 8:00-22:00', 'Fr 8:00-23:00', 'Sa 9:00-23:00']",,,"{'addressCountry': 'CH', 'addressLocality': 'Zürich', 'postalCode': '8001', 'streetAddress': 'Oberdorfstrasse 2', 'telephone': '+41 43 210 38 08', 'email': 'ciao@tschingg.eu', 'url': 'https://www.tschingg.eu/restaurants-l%C3%B6wenbr%C3%A4ukunst-oberdorf-stauffacher-oerlikon/'}",[],47.368295,8.545987
27,https://schema.org/,LocalBusiness,1786,Zürich Tourismus www.zuerich.com,BY-SA,"{'Gastronomy': {'swissId': ''}, 'Restaurants': {'swissId': ''}, 'Cuisine': {'swissId': ''}, 'Fish': {'swissId': ''}, 'Vegetarian': {'swissId': ''}, 'Mediterranean': {'swissId': ''}, 'Meal': {'swissId': ''}, 'Lunch': {'swissId': ''}, 'Dinner': {'swissId': ''}}",Frohberg Jona,"Bei einem traumhaften Ausblick auf das Schloss Rapperswil und den Zürichsee geniesst man im Frohberg Jona frische, saisonale Küche.","<p>Das «Frohberg Jona» verwöhnt seine Gäste mit einer frischen Marktküche, traditionellen Fleischgerichten, frischen Fischen und Meeresfrüchten.</p> <p>Auf der Mittagskarte findet man preislich und geschmacklich attraktive Menüs für die Wanderrast oder einen 3-Gänger vom Besten für den Business Lunch. Um die grandiose Panoramasicht auch bei schlechtem Wetter geniessen zu können, wurde auf der ganzen Hauslänge ein Wintergarten erstellt.</p> ",Frohberg Jona,"Frische, saisonale Küche für jede Gelegenheit mit Blick auf den Zürichsee und das Schloss Rapperswil.","['Jona', 'Frische Marktküche', 'Wintergarten ', 'Gartenterrasse ']",,False,371596685,"{'url': 'https://www.zuerich.com/sites/default/files/image/2021/Frohberg%20Jona_DSC4009.jpg', 'caption': {'de': None, 'en': 'Frohberg', 'fr': None, 'it': None}}",,"[{'url': 'https://www.zuerich.com/sites/default/files/image/2021/Frohberg%20Jona_DSC3930.jpg', 'caption': {'de': None, 'en': 'Frohberg Jona', 'fr': None, 'it': None}}, {'url': 'https://www.zuerich.com/sites/default/files/image/2021/Frohberg%20Jona_DSC4137.jpg', 'caption': {'de': None, 'en': 'Frohberg Jona', 'fr': None, 'it': None}}, {'url': 'https://www.zuerich.com/sites/default/files/image/2021/Frohberg%20Jona_DSC3935.jpg', 'caption': {'de': None, 'en': 'Frohberg Jona', 'fr': None, 'it': None}}]",17.09.2021 11:45,"['Tuesday', 'Wednesday', 'Thursday', 'Friday', 'Saturday', 'Sunday']","['Mo,Tu,We,Th,Fr,Sa,Su 11:30-21:30']",,,"{'addressCountry': 'CH', 'addressLocality': 'Rapperswil-Jona', 'postalCode': '8645', 'streetAddress': 'Frohbergstrasse 65', 'telephone': '+41 55 210 72 27', 'email': 'info@frohberg.ch', 'url': 'https://www.frohberg.ch'}",[],47.241454,8.827818
28,https://schema.org/,LocalBusiness,1777,Zürich Tourismus www.zuerich.com,BY-SA,"{'Restaurants': {'swissId': ''}, 'Cuisine': {'swissId': ''}, 'BBQ': {'swissId': ''}, 'Vegetarian': {'swissId': ''}, 'Swiss Specialties': {'swissId': ''}, 'Breakfast': {'swissId': ''}, 'Brunch': {'swissId': ''}, 'Lunch': {'swissId': ''}, 'Dinner': {'swissId': ''}}",Juckerhof,Das Restaurant Juckerhof im gleichnamigen Erlebnisbauernhof überzeugt mit frischen Produkten vom eigenen Hof.,"<p>Gäste, die frische und saisonale Produkte schätzen, sollten einen Besuch im Restaurant Juckerhof einplanen. Diese «Hofküche» befindet sich im gleichnamigen Erlebnisbauernhof in Seegräben am Pfäffikersee, östlich von Zürich.</p> <p>Ganz nach dem Motto «Vom Feld in die Pfanne» ist der Juckerhof vor allem für frische Spargeln im Frühling, Beeren im Sommer und Kürbisse im Herbst bekannt. Das selbstgemachte Brot begeistert das ganze Jahr über. Im Hofrestaurant bedienen sich Gäste an den Heuwagen-Buffets mit Frühstück oder mit Salat, Suppe und warmen Speisen zum Mittagessen. Hausgemachte Desserts und Kuchen runden das Angebot ab. Im Sommer wartet zusätzlich ein Holzkohlegrill mit einer breiten Auswahl an Leckereien.</p> <p>Kinderfreundlichkeit wird hier gross geschrieben – das vorhandene Strohparadies, der begehbare Geisslipark und der Natur-Spielplatz bietet auch den Kleinen viel Platz zum Spielen und Austoben.</p> ",Juckerhof,Hier kommen frische und saisonale Produkte aus dem eigenen Garten in die Pfanne.,"['Frische und saisonale Küche', 'Produkte vom eigenen Hof', 'Idyllische Lage am Pfäffikersee', 'Kinderfreundlich']",,False,2320967785,"{'url': 'https://www.zuerich.com/sites/default/files/web_zuerich_juckerhof_1280x960_13149.jpg', 'caption': {'de': None, 'en': '', 'fr': None, 'it': None}}",,"[{'url': 'https://www.zuerich.com/sites/default/files/web_zuerich_juckerhof_1280x960_22835.jpg', 'caption': {'de': None, 'en': '', 'fr': None, 'it': None}}, {'url': 'https://www.zuerich.com/sites/default/files/web_zuerich_juckerhof_1280x960_22834.jpg', 'caption': {'de': None, 'en': '', 'fr': None, 'it': None}}, {'url': 'https://www.zuerich.com/sites/default/files/web_zuerich_juckerhof_1280x960_22985.jpg', 'caption': {'de': None, 'en': '', 'fr': None, 'it': None}}, {'url': 'https://www.zuerich.com/sites/default/files/web_rzst_juckerhof_brunch.jpg', 'caption': {'de': None, 'en': '', 'fr': None, 'it': None}}]",25.11.2021 20:29,"['Monday', 'Tuesday', 'Wednesday', 'Thursday', 'Friday', 'Saturday', 'Sunday']",,,"<p><strong>Juni bis September</strong><br />
Täglich,&nbsp;09.00 – 22.00 Uhr<br />
Grill: 17.30 – 21.00 Uhr</p>

<p><strong>April, Mai und Oktober</strong><br />
Täglich, 09.00 – 18.00 Uhr</p>

<p><strong>November bis März</strong><br />
Täglich, 09.00 – 17.00 Uhr</p>
","{'addressCountry': 'CH', 'addressLocality': 'Seegräben', 'postalCode': '8607', 'streetAddress': 'Dorfstrasse 23', 'telephone': '+41 44 934 34 84', 'email': 'info@juckerfarm.ch', 'url': 'https://www.juckerfarm.ch'}",[],47.343803,8.772844
29,https://schema.org/,LocalBusiness,1706,Zürich Tourismus www.zuerich.com,BY-SA,"{'Restaurants': {'swissId': ''}, 'Cuisine': {'swissId': ''}, 'Vegetarian': {'swissId': ''}, 'Swiss Specialties': {'swissId': ''}, 'Zürcher Geschnetzeltes': {'swissId': ''}, 'Meal': {'swissId': ''}, 'Lunch': {'swissId': ''}, 'Dinner': {'swissId': ''}}",Frohberg Stäfa,Das Ausflugsrestaurant Frohberg besticht mit klassischer Schweizer Küche und einem atemberaubenden Seeblick. ,"<p>Die Aussicht auf Stäfas Dächer, den Zürichsee und die Berge lockt Gäste von weit her ins Restaurant Frohberg. Aber nicht nur die Aussicht hat es den Gästen angetan, auch die monatlich wechselnden Gerichte, die lokalen Weine und die urige Volksmusik-«Stubete» sind immer einen Besuch wert.</p> <p>Wer die traditionelle Schweizer Küche zu schätzen weiss, wird im Restaurant Frohberg zu einem wiederkehrenden Gast. Der saison angepasste Tagesspezialitäten, typisch Schweizerische Klassiker wie der Hackbraten oder Fisch aus dem Zürichsee sowie vegetarische und vegane Gerichte sorgen für edle und überraschende Gaumenfreuden.</p> <p>Ein Wohlfühlort, an dem sich Ausflügler, Geschäftsleute, Erwachsene und Kinder treffen.</p> ",Frohberg Stäfa,Ausflugsrestaurant mit klassischer Schweizer Küche und einer atemberaubenden Aussicht. ,"['Hoch über Stäfa', 'Typische Schweizer Küche', 'Herrliche Aussicht auf den Zürichsee']",,False,,"{'url': 'https://www.zuerich.com/sites/default/files/image/2021/web_zuerich_frohberg_staefa_1280x960_32734.jpg', 'caption': {'de': 'Frohberg Stäfa', 'en': None, 'fr': None, 'it': None}}",,"[{'url': 'https://www.zuerich.com/sites/default/files/image/2021/web_zuerich_frohberg_staefa_1280x960_32735.jpg', 'caption': {'de': 'Frohberg Stäfa', 'en': None, 'fr': None, 'it': None}}, {'url': 'https://www.zuerich.com/sites/default/files/image/2021/web_zuerich_frohberg_staefa_1280x960_32736.jpg', 'caption': {'de': 'Frohberg Stäfa', 'en': None, 'fr': None, 'it': None}}, {'url': 'https://www.zuerich.com/sites/default/files/image/2021/web_zuerich_frohberg_staefa_1280x960_32737.jpg', 'caption': {'de': 'Frohberg Stäfa', 'en': None, 'fr': None, 'it': None}}, {'url': 'https://www.zuerich.com/sites/default/files/image/2021/web_zuerich_frohberg_staefa_1280x960_32738.jpg', 'caption': {'de': 'Frohberg Stäfa', 'en': None, 'fr': None, 'it': None}}, {'url': 'https://www.zuerich.com/sites/default/files/image/2021/web_zuerich_frohberg_staefa_1280x960_32739.jpg', 'caption': {'de': 'Frohberg Stäfa', 'en': None, 'fr': None, 'it': None}}]",24.11.2021 15:51,"['Monday', 'Tuesday', 'Wednesday', 'Thursday', 'Friday', 'Saturday', 'Sunday']",,,"<p><strong>April bis September</strong><br />
Montag bis Sonntag ab 11.00Uhr</p>

<p><strong>Oktober bis März</strong><br />
Dienstag bis Sonntag ab 11.00Uhr</p>
","{'addressCountry': 'CH', 'addressLocality': 'Stäfa', 'postalCode': '8712', 'streetAddress': 'Frohbergstrasse 21', 'telephone': '+41 44 926 15 50', 'email': 'info@frohberg-staefa.ch', 'url': 'https://www.frohberg-staefa.ch'}",[],47.2446,8.736289
