business_status,formatted_address,icon,icon_background_color,icon_mask_base_uri,name,photos,place_id,rating,reference,types,user_ratings_total,geometry.location.lat,geometry.location.lng,geometry.viewport.northeast.lat,geometry.viewport.northeast.lng,geometry.viewport.southwest.lat,geometry.viewport.southwest.lng,opening_hours.open_now,plus_code.compound_code,plus_code.global_code,price_level
OPERATIONAL,"Badenerstrasse 333, 8003 Zürich, Switzerland",https://maps.gstatic.com/mapfiles/place_api/icons/v1/png_71/shopping-71.png,#4B96F3,https://maps.gstatic.com/mapfiles/place_api/icons/v2/shoppingcart_pinlet,Coop Supermarkt Zürich Albisriederplatz,"[{'height': 2204, 'html_attributions': ['<a href=""https://maps.google.com/maps/contrib/117986135461199034497"">Philipp Crelier</a>'], 'photo_reference': 'Aap_uECZheXv7UVn-ofBkIfwf88fM1HdmGXBrc4VHbRbEglsJ7Oowmq_Sr-hR6tjopkCCnTz4ln7-fBuyK9CmAtkhcZ81ca1JO7wyShcbEcB94lehM7MyfbtfUYLk70JnaDjg6awP5vYDONw0cUininQ2rVNKFmKm-rD92O11wDJAm3aSlzp', 'width': 3920}]",ChIJifEbwyQKkEcReeGy5M0-WeE,4.1,ChIJifEbwyQKkEcReeGy5M0-WeE,"['supermarket', 'grocery_or_supermarket', 'food', 'point_of_interest', 'store', 'establishment']",724,47.37771129999999,8.5111067,47.37910897989272,8.51254987989272,47.37640932010727,8.509850220107277,True,9GH6+3C Zürich,8FVC9GH6+3C,
OPERATIONAL,"Badenerstrasse 244, 8004 Zürich, Switzerland",https://maps.gstatic.com/mapfiles/place_api/icons/v1/png_71/shopping-71.png,#4B96F3,https://maps.gstatic.com/mapfiles/place_api/icons/v2/shoppingcart_pinlet,Coop Supermarkt Zürich Lochergut,"[{'height': 3024, 'html_attributions': ['<a href=""https://maps.google.com/maps/contrib/111596905317379399287"">Urs F</a>'], 'photo_reference': 'Aap_uEAiW5A7lji-LbLwGOK1DP4Gb6tYF5ZPZF_IqocajleIyyX-_U4rupb3mLJVVRAfrzNjAS3M7KxRGMPIn6K85qJC8QchwcSHrDMxOZIbq4MGH51sWk3TgiVZHL7Bao-8vpBs2KfbXODge7YXdyNVcvd8OaxDgrl6RE7FmvSRBn3Sj0jY', 'width': 4032}]",ChIJteWyVyIKkEcR0I2C_1V3NVc,4.2,ChIJteWyVyIKkEcR0I2C_1V3NVc,"['supermarket', 'grocery_or_supermarket', 'food', 'point_of_interest', 'store', 'establishment']",655,47.3757341,8.5173337,47.37701387989271,8.518570579892721,47.37431422010727,8.515870920107277,True,9GG8+7W Zürich,8FVC9GG8+7W,
OPERATIONAL,"Baslerstrasse 50, 8066 Zürich, Switzerland",https://maps.gstatic.com/mapfiles/place_api/icons/v1/png_71/shopping-71.png,#4B96F3,https://maps.gstatic.com/mapfiles/place_api/icons/v2/shoppingcart_pinlet,Coop Supermarkt Zürich Letzipark,"[{'height': 4191, 'html_attributions': ['<a href=""https://maps.google.com/maps/contrib/110047816570871534222"">Philipp Hauck</a>'], 'photo_reference': 'Aap_uEDBuBgX5DDd3Cmj9ULtw9IY8ysmyZ9EkXbkGdRGLy7u9iKuY_9Ls6AJ9r6hQMNxiN6ujWps6FDun1rgBnDiEgwE1MDccI6Zxacbi9Djthrl3ekz9HxRj4O5K8ZPoOzI8iTC7iVbdfezeaG82_zfBilVSCG4v9p6VzDeOFX32kQjVhey', 'width': 2358}]",ChIJyRiXxDQKkEcRDb6eO6wEZmg,4.2,ChIJyRiXxDQKkEcRDb6eO6wEZmg,"['supermarket', 'grocery_or_supermarket', 'food', 'point_of_interest', 'store', 'establishment']",375,47.3859855,8.499333,47.38789597989273,8.50018722989272,47.38519632010728,8.497487570107277,True,9FPX+9P Zürich,8FVC9FPX+9P,
OPERATIONAL,"Gutstrasse 159, 8047 Zürich, Switzerland",https://maps.gstatic.com/mapfiles/place_api/icons/v1/png_71/shopping-71.png,#4B96F3,https://maps.gstatic.com/mapfiles/place_api/icons/v2/shoppingcart_pinlet,Coop Supermarkt Zürich Gutstrasse,"[{'height': 3480, 'html_attributions': ['<a href=""https://maps.google.com/maps/contrib/114157977811757886568"">Christoph Widmer</a>'], 'photo_reference': 'Aap_uED8yroTEgMa1V6GbemaEog2nOLTPFWm9_iZflhTTlsKadWw-1KCqmFQW6WMVzesap4JE1nGF4pfj9prjnN_ARydw1-bxYJ4vltTp9PcE4XeIq9NTt7fed-Ui2I-XHpB9wDLtlDNkGiTdkoHD50YN7SiQhuKkGmAOz_wRSRVxuKNg56n', 'width': 4640}]",ChIJvcXhJCkKkEcRH_-ZcFryCNo,3.9,ChIJvcXhJCkKkEcRH_-ZcFryCNo,"['supermarket', 'grocery_or_supermarket', 'food', 'point_of_interest', 'store', 'establishment']",194,47.37366309999999,8.5023812,47.37512527989272,8.50393632989272,47.37242562010728,8.501236670107277,True,9GF2+FX Zürich,8FVC9GF2+FX,
OPERATIONAL,"Birmensdorferstrasse 200, 8003 Zürich, Switzerland",https://maps.gstatic.com/mapfiles/place_api/icons/v1/png_71/shopping-71.png,#4B96F3,https://maps.gstatic.com/mapfiles/place_api/icons/v2/shoppingcart_pinlet,Coop Supermarkt Zürich Wiedikon,"[{'height': 2988, 'html_attributions': ['<a href=""https://maps.google.com/maps/contrib/117226787559984370166"">Christophe Hurni</a>'], 'photo_reference': 'Aap_uEC7HqRrrh1jFvjl7BWK1LwdpBNtgX2HnV8kD5wC7wC9RtW9KeAZ1IMlemUUp491UXvD7Df_We_PiQ4AeQJ3clWnzmvmSl6C_gdyGvZkkg03Rv55Me-soZVQGOYNDEmf-1HorYEHtIIkXjaaGAcPJTGLgqsNwSywUaZjBis4fDQ8Zc7o', 'width': 5312}]",ChIJTx_WDRoKkEcRlRQJMmQLB_4,4.3,ChIJTx_WDRoKkEcRlRQJMmQLB_4,"['supermarket', 'grocery_or_supermarket', 'food', 'point_of_interest', 'store', 'establishment']",631,47.3707958,8.5160521,47.37214562989272,8.517401929892724,47.36944597010728,8.51470227010728,True,9GC8+8C Zürich,8FVC9GC8+8C,
OPERATIONAL,"In der Ey 85, 8047 Zürich, Switzerland",https://maps.gstatic.com/mapfiles/place_api/icons/v1/png_71/shopping-71.png,#4B96F3,https://maps.gstatic.com/mapfiles/place_api/icons/v2/shoppingcart_pinlet,Coop Supermarkt Zürich Triemli,"[{'height': 4032, 'html_attributions': ['<a href=""https://maps.google.com/maps/contrib/115752971860292891691"">Mostafa</a>'], 'photo_reference': 'Aap_uEB3PCGZQS6l73L0ySPVYojyqSvEBD0c0qYIkpB5PyNfq1zpuI56T2TyztTpdSDZgtwPfKwbk0jzEBEOrjVy58PlUsHY3HEG_WKLLmhCVqi9bL9YWFZQ3RfhoX6hcZfX8g2mXsCuzSk7ihUcyV1ZJCLIMnCUMTINAaeQT0bp_36xqpuA', 'width': 3024}]",ChIJU5wHWdULkEcRVLrX-Y3gI88,4.2,ChIJU5wHWdULkEcRVLrX-Y3gI88,"['supermarket', 'grocery_or_supermarket', 'food', 'point_of_interest', 'store', 'establishment']",202,47.370577,8.4921401,47.37172947989272,8.49350912989272,47.36902982010728,8.490809470107276,True,9FCR+6V Zürich,8FVC9FCR+6V,
OPERATIONAL,"Hohlstrasse 35, 8004 Zürich, Switzerland",https://maps.gstatic.com/mapfiles/place_api/icons/v1/png_71/shopping-71.png,#4B96F3,https://maps.gstatic.com/mapfiles/place_api/icons/v2/shoppingcart_pinlet,Coop Supermarkt Zürich Hohlstrasse,"[{'height': 1100, 'html_attributions': ['<a href=""https://maps.google.com/maps/contrib/117944296643244439323"">Coop Zuerich Hohlstrasse</a>'], 'photo_reference': 'Aap_uEA11rznn_EkkqEtHysRHkGFM18sH0CRW9kqvZ4aoM-YnMlkPvYMktG7CphlqvwxXjXXy2wBkSJpg2fbFIGgUdKYlZRQKbELp55Z0u_1O2lQ4AOF44tLxghay4Nv_WUrqEp2WlTLNbwfY2dgXAWb_p5teoZSsYgp4TH1Qi5Kf4imDK28', 'width': 2000}]",ChIJteWyVyIKkEcRed52ybQo6ts,4.0,ChIJteWyVyIKkEcRed52ybQo6ts,"['supermarket', 'grocery_or_supermarket', 'food', 'point_of_interest', 'store', 'establishment']",314,47.3771023,8.5265009,47.37845212989272,8.527850729892723,47.37575247010728,8.52515107010728,True,9GGG+RJ Zürich,8FVC9GGG+RJ,
OPERATIONAL,"Maagpl. 1, 8005 Zürich, Switzerland",https://maps.gstatic.com/mapfiles/place_api/icons/v1/png_71/shopping-71.png,#4B96F3,https://maps.gstatic.com/mapfiles/place_api/icons/v2/shoppingcart_pinlet,Coop Supermarkt Zürich Maagplatz,"[{'height': 2340, 'html_attributions': ['<a href=""https://maps.google.com/maps/contrib/115545086496034326488"">Tobias Oblasser</a>'], 'photo_reference': 'Aap_uEALu5SjAWhw2SMv3WTVVg6hXDa5K7vzi4gVFCilGbMGVg1OJt30LsfVFKEQl0eKejPxWWBiNGe6BF9f_wsQAHpl0BesbpcwvgEDa53GgxH84wyVjYaggZtLT5gCQ6Mi5Xe8b5TvrypvO_Gzz-jB6wPfZ_kKEdCNmnGLVX4PNn-GFiWG', 'width': 4160}]",ChIJ_9A0iXFzkEcRGO4MkdFBzrc,4.1,ChIJ_9A0iXFzkEcRGO4MkdFBzrc,"['supermarket', 'grocery_or_supermarket', 'food', 'point_of_interest', 'store', 'establishment']",60,47.3859754,8.516154,47.38746227989272,8.517749129892723,47.38476262010728,8.515049470107279,True,9GP8+9F Zürich,8FVC9GP8+9F,
OPERATIONAL,"Badenerstrasse 15, 8004 Zürich, Switzerland",https://maps.gstatic.com/mapfiles/place_api/icons/v1/png_71/shopping-71.png,#4B96F3,https://maps.gstatic.com/mapfiles/place_api/icons/v2/shoppingcart_pinlet,Coop Supermarkt Zürich Stauffacher,"[{'height': 4032, 'html_attributions': ['<a href=""https://maps.google.com/maps/contrib/113550812239404590910"">rohana omar</a>'], 'photo_reference': 'Aap_uEAJux6mjiVsp0f9koZCGMlDS7M_5LmYqcA2LTFht4vBuQPhdrA6UFEGz0D5_qdM9cJbLMmpOgmnUKaUNu7QN7sK6RkV30aX8vQELzwpD3ydgGvcsa8tZ_D6L-44ouwu6FJU2Rb0kA01t47MkC9PrAzuS5bS_ApUfdotwniRAjQ5DQiZ', 'width': 3024}]",ChIJx0FaShsKkEcRmJj7xPh7kUY,4.1,ChIJx0FaShsKkEcRmJj7xPh7kUY,"['supermarket', 'grocery_or_supermarket', 'food', 'point_of_interest', 'store', 'establishment']",624,47.37342350000001,8.5303361,47.37487432989272,8.531759529892721,47.37217467010728,8.529059870107277,False,9GFJ+94 Zürich,8FVC9GFJ+94,
OPERATIONAL,"Giessereistrasse 18, 8005 Zürich, Switzerland",https://maps.gstatic.com/mapfiles/place_api/icons/v1/png_71/shopping-71.png,#4B96F3,https://maps.gstatic.com/mapfiles/place_api/icons/v2/shoppingcart_pinlet,Coop Supermarkt Zürich Puls 5,"[{'height': 1100, 'html_attributions': ['<a href=""https://maps.google.com/maps/contrib/105526399052208641549"">Coop</a>'], 'photo_reference': 'Aap_uEAMrCZNhtSgYAXGlz8MiW85KCYCLirWU9C2JLkWl9hd4vHgda-yjQ-jb96Y8Puc3AI9_E1w-_dFzA8snWrpsFSqoOXCryGTvnCpMO-TGma7dzct1XtHS0WoOXTfDbTzIaBi4sqln9ieQkMOvYUS3zkl5bkq5aVIZ390hyavI8ObCvwE', 'width': 2000}]",ChIJXWesJkEKkEcRMMVu8fdKVq4,4.1,ChIJXWesJkEKkEcRMMVu8fdKVq4,"['supermarket', 'grocery_or_supermarket', 'food', 'point_of_interest', 'store', 'establishment']",222,47.3908033,8.5178652,47.39170442989272,8.519206329892722,47.38900477010728,8.516506670107278,True,9GR9+84 Zürich,8FVC9GR9+84,
OPERATIONAL,"Pfingstweidstrasse 106, 8005 Zürich, Switzerland",https://maps.gstatic.com/mapfiles/place_api/icons/v1/png_71/shopping-71.png,#4B96F3,https://maps.gstatic.com/mapfiles/place_api/icons/v2/shoppingcart_pinlet,Coop Supermarkt Zürich Hard Turm Park,"[{'height': 1534, 'html_attributions': ['<a href=""https://maps.google.com/maps/contrib/106655001011950090422"">Hans Peter Stauss</a>'], 'photo_reference': 'Aap_uEArwzkZ2MaaCLUwwN9PkX_rp6Qu3u9Ki6SK6BLMSfY_6eD4j78OUp_ZLqooHNH9miBfQ1VFOsJmcCIJfqOVqEf7fmTPqWc5y-eGDork-ly-V9EfgJ4qmJ3wIgapYRFz7nB6jgvzS46X3ZFPLB3NkDB-rYzJ6kV1Sms7op5ZiZjf_4p1', 'width': 2048}]",ChIJPWPbBkkKkEcR8X-nb94BlVI,4.1,ChIJPWPbBkkKkEcR8X-nb94BlVI,"['supermarket', 'grocery_or_supermarket', 'food', 'point_of_interest', 'store', 'establishment']",213,47.3911161,8.5080114,47.39238192989273,8.509262329892723,47.38968227010728,8.506562670107279,True,9GR5+C6 Zürich,8FVC9GR5+C6,
OPERATIONAL,"Vulkanpl., 8048 Zürich, Switzerland",https://maps.gstatic.com/mapfiles/place_api/icons/v1/png_71/shopping-71.png,#4B96F3,https://maps.gstatic.com/mapfiles/place_api/icons/v2/shoppingcart_pinlet,Coop Supermarkt Zürich Westlink,"[{'height': 1100, 'html_attributions': ['<a href=""https://maps.google.com/maps/contrib/108636951305572427210"">Coop Zuerich Westlink</a>'], 'photo_reference': 'Aap_uEAXe0-tksVoQNvXHqtBmhNsZLAZjdtLMaoWNDjQ8gtH4ibDZ4Vd6KnSPskjWmqmzCP6RADxuRQcGH7OAiUawdcpJOoN4IgeC4AY3nMfSkMt43kbtXf68yX_YBMsEHipIRR95wZWqWjHXpotyPcZ7ZHl1dSG6l8napWWmDggrt_-uy-H', 'width': 2000}]",ChIJn6zJrbcLkEcRbx0r_Fr7fVA,4.1,ChIJn6zJrbcLkEcRbx0r_Fr7fVA,"['supermarket', 'grocery_or_supermarket', 'food', 'point_of_interest', 'store', 'establishment']",410,47.3921128,8.4901286,47.39349482989272,8.491498979892722,47.39079517010727,8.488799320107278,True,9FRR+R3 Zürich,8FVC9FRR+R3,
OPERATIONAL,"Röschibachstrasse 22, 8037 Zürich, Switzerland",https://maps.gstatic.com/mapfiles/place_api/icons/v1/png_71/shopping-71.png,#4B96F3,https://maps.gstatic.com/mapfiles/place_api/icons/v2/shoppingcart_pinlet,Coop Supermarkt Zürich Wipkingerbrücke,"[{'height': 1920, 'html_attributions': ['<a href=""https://maps.google.com/maps/contrib/100733895743810115579"">elias meier</a>'], 'photo_reference': 'Aap_uEDctyIi0Egrseo7XkdPdQJs31ZukNcsxpvpG8-Zb0w-0-IvKh7IdyOS9bbUeQ16uGyzWmSVRACZxtNxaioa-Tps1Xvocpj3q4lK5PhP7vaJMVluFWX3AGNv-3Rgv8K8eL2MWwQlVbdlqKY_pYKcyJ1VVg2CCWsR2r-bl2wHC8rfhjIC', 'width': 2560}]",ChIJ-Vog-GkKkEcRSpN3HDvClnY,3.9,ChIJ-Vog-GkKkEcRSpN3HDvClnY,"['supermarket', 'grocery_or_supermarket', 'food', 'point_of_interest', 'store', 'establishment']",287,47.3927709,8.524651,47.39408792989272,8.525925279892721,47.39138827010727,8.523225620107278,True,9GVF+4V Zürich,8FVC9GVF+4V,
OPERATIONAL,"Maschinenstrasse 10, 8005 Zürich, Switzerland",https://maps.gstatic.com/mapfiles/place_api/icons/v1/png_71/shopping-71.png,#4B96F3,https://maps.gstatic.com/mapfiles/place_api/icons/v2/shoppingcart_pinlet,Coop Supermarkt Pfingstweidstrasse Prime 2,"[{'height': 3024, 'html_attributions': ['<a href=""https://maps.google.com/maps/contrib/108654833827434771284"">Michael Francois</a>'], 'photo_reference': 'Aap_uECNi0zWNHEaA214NC7hFIrfi3CoG0F6gm_E6b8eJd67t8kXbcWKF7lwsdNvnFDQutjC4QIuI3xNzeFkBCo7AgBuQv1e6TGyqwUYjRnMM2r9pGgPYtpilUf1DAdMoLfg7SYSAB3nkSLi9BNHM_tQx5xYMWG5hNkQg6yq7WmsmsDzVJ1B', 'width': 4032}]",ChIJuYcXq00LkEcRwkQs_vtH_X4,4.5,ChIJuYcXq00LkEcRwkQs_vtH_X4,"['supermarket', 'grocery_or_supermarket', 'food', 'point_of_interest', 'store', 'establishment']",67,47.387401,8.517362,47.38861087989272,8.518567929892724,47.38591122010727,8.51586827010728,True,9GP8+XW Zürich,8FVC9GP8+XW,
OPERATIONAL,"Röntgenstrasse 48, 8005 Zürich, Switzerland",https://maps.gstatic.com/mapfiles/place_api/icons/v1/png_71/shopping-71.png,#4B96F3,https://maps.gstatic.com/mapfiles/place_api/icons/v2/shoppingcart_pinlet,Coop Supermarkt Zürich Josefstrasse,"[{'height': 4032, 'html_attributions': ['<a href=""https://maps.google.com/maps/contrib/103253571590544543036"">antawirya husen</a>'], 'photo_reference': 'Aap_uEDjq6j4y7BKsiRcMWqBKN6kg5EspxJgb8Ku69TKNpZIPCezldUMUyxbPn5FV2g5J7_P9jhCnDDv5gMxps3wD5FOf-h1YRh3pWV7FRf8Rc_prt6BrHfQiXdVj3E-J2B5cLMCDqtEOjR4_u0ZIRl-zS5jnWwgzNctoMtB2wMTD1TZLW7w', 'width': 3024}]",ChIJBw6ifhQKkEcRfijxLgDRXOQ,4.0,ChIJBw6ifhQKkEcRfijxLgDRXOQ,"['supermarket', 'grocery_or_supermarket', 'food', 'point_of_interest', 'store', 'establishment']",187,47.3847527,8.527192099999999,47.38617842989272,8.528478879892718,47.38347877010727,8.525779220107275,True,9GMG+WV Zürich,8FVC9GMG+WV,
OPERATIONAL,"Uetlibergstrasse 20, 8045 Zürich, Switzerland",https://maps.gstatic.com/mapfiles/place_api/icons/v1/png_71/shopping-71.png,#4B96F3,https://maps.gstatic.com/mapfiles/place_api/icons/v2/shoppingcart_pinlet,Coop Supermarkt Zürich Manessehof,"[{'height': 1100, 'html_attributions': ['<a href=""https://maps.google.com/maps/contrib/106654135717202112007"">Coop</a>'], 'photo_reference': 'Aap_uEA_EJY5bU1JO6XJNChM5-6oJ4bGZJibUZr0EMtA6JZVevMJd5t42YOXy6m15QHgTfSW58XLofQwZHryTQt3cnxsJxuX0sT_iAcI_U1pTcj4SQwJVW_lIdLDqBVStfK_T9s71sEatNl3w1spBSZxEDOJTdu_6wkeJp9egmFBsWWuHaIJ', 'width': 2000}]",ChIJHVi3JfQJkEcRJv9MWJcnqMA,4.0,ChIJHVi3JfQJkEcRJv9MWJcnqMA,"['supermarket', 'grocery_or_supermarket', 'food', 'point_of_interest', 'store', 'establishment']",231,47.3648791,8.5210603,47.36624332989272,8.522502279892722,47.36354367010728,8.519802620107278,True,9G7C+XC Zürich,8FVC9G7C+XC,
OPERATIONAL,"Badenerstrasse 650, 8048 Zürich, Switzerland",https://maps.gstatic.com/mapfiles/place_api/icons/v1/png_71/shopping-71.png,#4B96F3,https://maps.gstatic.com/mapfiles/place_api/icons/v2/shoppingcart_pinlet,Coop Supermarkt Zürich Altstetten,"[{'height': 2000, 'html_attributions': ['<a href=""https://maps.google.com/maps/contrib/106117847341213889319"">Coop Zuerich Altstetten</a>'], 'photo_reference': 'Aap_uECSsewmCvVQB4UFBmi1MpLhoTQaknCEyloIBnXlOfNL2cNr5bg-Gpj5JAoonjmUUgvmOXWiOU3jvlZoH6wH-RitLai3cK9d3MO1gYsW5Mt_ftsnKlskXXry3KOAzQxwCN7CcxujHjlwBqzl4zn23w7mh9L9ZvJQ1G_bGouO89tVudgI', 'width': 3000}]",ChIJeZIZA8kLkEcR6jYDL44vL-4,4.1,ChIJeZIZA8kLkEcR6jYDL44vL-4,"['supermarket', 'grocery_or_supermarket', 'food', 'point_of_interest', 'store', 'establishment']",290,47.3875672,8.4890135,47.38876337989272,8.490177029892724,47.38606372010727,8.48747737010728,True,9FQQ+2J Zürich,8FVC9FQQ+2J,
OPERATIONAL,"Badenerstrasse 120, 8004 Zürich, Switzerland",https://maps.gstatic.com/mapfiles/place_api/icons/v1/png_71/shopping-71.png,#4B96F3,https://maps.gstatic.com/mapfiles/place_api/icons/v2/shoppingcart_pinlet,Coop Pronto Shop,"[{'height': 3024, 'html_attributions': ['<a href=""https://maps.google.com/maps/contrib/118034727753065869595"">Leonardo Mastrostefano</a>'], 'photo_reference': 'Aap_uEDoaFzh7B8Tv6Rk8Mdn1BSoHp2iHdnw_VsNaEkrgdcVy4bwqzTbohAqqXPpZKVAtDgh9MR5WH8B8X0peJ47D9eLkwsqiyBdZch0I_Z24UA8mEik-NJkd91WK57yt0NRazbrNcGYKozWlDKgWskWNnTwIhTdJYb8TJuoLruVhqLURgtz', 'width': 4032}]",ChIJe49XbxkKkEcRUeDMJLBF5V4,4.1,ChIJe49XbxkKkEcRUeDMJLBF5V4,"['supermarket', 'grocery_or_supermarket', 'food', 'point_of_interest', 'store', 'establishment']",42,47.374424,8.5237379,47.37580017989272,8.525331479892722,47.37310052010728,8.522631820107279,True,9GFF+QF Zürich,8FVC9GFF+QF,
OPERATIONAL,"Hardstrasse 221, 8005 Zürich, Switzerland",https://maps.gstatic.com/mapfiles/place_api/icons/v1/png_71/shopping-71.png,#4B96F3,https://maps.gstatic.com/mapfiles/place_api/icons/v2/shoppingcart_pinlet,Coop Pronto Shop,"[{'height': 3072, 'html_attributions': ['<a href=""https://maps.google.com/maps/contrib/104838941012286215656"">Ueli Konrad</a>'], 'photo_reference': 'Aap_uEASSoGSeDqJ_6DJWgL3YTp4jQ8S6Qi3brWk-8uGw6AMJzG7z4aJNJ-4MpyRr3CT9Or6AmD1kQFV2CEKAIhrRLUPjCN_CnpJoFpsSfq9d99NSdVuqweFfcz6pdeyUXc4d0RrHGcFLsaM0Y0XhqRLVz8xncSqrd6yWWOAns0X6SmfCSyM', 'width': 4096}]",ChIJS-n6eD8KkEcRp-VCGao7OuA,4.0,ChIJS-n6eD8KkEcRp-VCGao7OuA,"['supermarket', 'grocery_or_supermarket', 'food', 'point_of_interest', 'store', 'establishment']",145,47.3864522,8.517712399999999,47.38788507989272,8.518896479892721,47.38518542010728,8.516196820107277,True,9GP9+H3 Zürich,8FVC9GP9+H3,
OPERATIONAL,"Albisriederstrasse 334, 8047 Zürich, Switzerland",https://maps.gstatic.com/mapfiles/place_api/icons/v1/png_71/shopping-71.png,#4B96F3,https://maps.gstatic.com/mapfiles/place_api/icons/v2/shoppingcart_pinlet,Coop Supermarkt Zürich A-Park,"[{'height': 1536, 'html_attributions': ['<a href=""https://maps.google.com/maps/contrib/113893906718199051156"">Mario Frei</a>'], 'photo_reference': 'Aap_uEBRtOYUy10LKlhODieN3gxh0Dvc1qWkDNWYV9vArPUb6I3DBaRJzFgaiRmGgPDvSXLkw4kghMbDb66lBpduXjKDjaJx5l40a1ou9CQnuSzRg-YyZCqESfqqhr8GVpAnkEQ0T5BYT6wZQlq8OaqTAQNm7g1DzvfstvrEInqBOfkfUYW8', 'width': 2048}]",ChIJe_dIMdcLkEcRAcqzjn6bRd8,4.0,ChIJe_dIMdcLkEcRAcqzjn6bRd8,"['supermarket', 'grocery_or_supermarket', 'food', 'point_of_interest', 'store', 'establishment']",361,47.3761878,8.4870906,47.37753762989272,8.488440429892721,47.37483797010728,8.485740770107277,True,9FGP+FR Zürich,8FVC9FGP+FR,
OPERATIONAL,"Bahnhofbrücke 1, 8001 Zürich, Switzerland",https://maps.gstatic.com/mapfiles/place_api/icons/v1/png_71/shopping-71.png,#4B96F3,https://maps.gstatic.com/mapfiles/place_api/icons/v2/shoppingcart_pinlet,Coop Supermarkt Zürich Bahnhofbrücke,"[{'height': 3456, 'html_attributions': ['<a href=""https://maps.google.com/maps/contrib/106178746307193651796"">Marius Puzauskas</a>'], 'photo_reference': 'Aap_uEBs4dET--f1ZjVme3iamLqNyxt87aO1fZhedbigPq4vNDB88Jo9FlduFIUdKHaixztYI2L8owxOOLiIzac2cWpCi9qSGDvCZL3UUMYnDcyu_7X_kmH7-yi8dL9kiffvP_jiBDDgM6WvTugmcrMX4Vo4vJojrWsb7s_mDbVt2V5QCxiG', 'width': 4608}]",ChIJBUuIDAgKkEcR6dqDd_VHtbA,4.3,ChIJBUuIDAgKkEcR6dqDd_VHtbA,"['supermarket', 'grocery_or_supermarket', 'food', 'point_of_interest', 'store', 'establishment']",2899,47.3764584,8.5423575,47.37802197989272,8.54361672989272,47.37532232010727,8.540917070107277,True,9GGR+HW Zürich,8FVC9GGR+HW,2.0
OPERATIONAL,"Stadelhoferstrasse 10, 8001 Zürich, Switzerland",https://maps.gstatic.com/mapfiles/place_api/icons/v1/png_71/shopping-71.png,#4B96F3,https://maps.gstatic.com/mapfiles/place_api/icons/v2/shoppingcart_pinlet,coop Zürich Stadelhofen,"[{'height': 3024, 'html_attributions': ['<a href=""https://maps.google.com/maps/contrib/109456292964978827995"">Patrick Hediger</a>'], 'photo_reference': 'Aap_uEBQjkLpLGsiD37u5LIcNn62CbUmq2EqTKiO2rw0XuOL26pqqycX8xuBMUJXkiuG2nimPh732sgldcJR_XjCL6zavhnX2e-_fBa9APBPXEgv94KS0cKnV8SlI18Me3KjUj2zJ-HWEMcsd_quu65CHMH0-uTPoGUPG_3IhUDGXJSruUxf', 'width': 4032}]",ChIJe4Xxp-ChmkcRQoDwtFTPTeQ,4.2,ChIJe4Xxp-ChmkcRQoDwtFTPTeQ,"['supermarket', 'grocery_or_supermarket', 'food', 'point_of_interest', 'store', 'establishment']",446,47.3665879,8.5478226,47.36791227989271,8.549140529892723,47.36521262010727,8.54644087010728,True,9G8X+J4 Zürich,8FVC9G8X+J4,
OPERATIONAL,"Bärengasse 16, 8001 Zürich, Switzerland",https://maps.gstatic.com/mapfiles/place_api/icons/v1/png_71/shopping-71.png,#4B96F3,https://maps.gstatic.com/mapfiles/place_api/icons/v2/shoppingcart_pinlet,Coop Supermarkt Zürich Bärengasse,"[{'height': 3840, 'html_attributions': ['<a href=""https://maps.google.com/maps/contrib/103415579081043974539"">鎌倉秀行</a>'], 'photo_reference': 'Aap_uEDw3H_F_A3pivdTYw0uRoP_a78sE1dO7ChiNejqnxtmoSKshlophx2wvMEe7CuQVGsjHtM3sthlbj41EROooKTrq135cGRxS0vGUBH-H7QIgVIwoC0Ardm97A9UmXz3ZZajdaaH5FHnu2su0iP8zF269zCNP7NWboL5lZscQ97HntKR', 'width': 2160}]",ChIJJVh4EgEKkEcRbF_BNhkt9yU,4.2,ChIJJVh4EgEKkEcRbF_BNhkt9yU,"['supermarket', 'grocery_or_supermarket', 'food', 'point_of_interest', 'store', 'establishment']",262,47.3700619,8.537119299999999,47.37156582989272,8.53861687989272,47.36886617010728,8.535917220107276,True,9GCP+2R Zürich,8FVC9GCP+2R,
OPERATIONAL,"Halle, Löwenstrasse, 8021 Zürich, Switzerland",https://maps.gstatic.com/mapfiles/place_api/icons/v1/png_71/shopping-71.png,#4B96F3,https://maps.gstatic.com/mapfiles/place_api/icons/v2/shoppingcart_pinlet,Coop Supermarkt Zürich ShopVille HB,"[{'height': 3024, 'html_attributions': ['<a href=""https://maps.google.com/maps/contrib/112519363043123727289"">St. Galler</a>'], 'photo_reference': 'Aap_uEDSO6WETci-APEQsh8uDGzMjVUFOcX9TAhYq_wipkztoJg5zekDQz5rWdO0gQKRR5j1PDe6ilk-4_Y6fD2BS-VeY2V3mAh9OZK4ziH_l3K2D8Ey3nWrHhX3f1_L_m5aloT3VEA4e3NSOUT9255038Ky-4MZ4k7WYZQLfI3DGmvGFpV9', 'width': 4032}]",ChIJTwg-2gUKkEcRGt4wjZvo6lg,4.0,ChIJTwg-2gUKkEcRGt4wjZvo6lg,"['supermarket', 'grocery_or_supermarket', 'food', 'point_of_interest', 'store', 'establishment']",801,47.37780739999999,8.5384649,47.37913127989272,8.539707379892723,47.37643162010728,8.53700772010728,True,9GHQ+49 Zürich,8FVC9GHQ+49,
OPERATIONAL,"Löwenstrasse 7, 8001 Zürich, Switzerland",https://maps.gstatic.com/mapfiles/place_api/icons/v1/png_71/shopping-71.png,#4B96F3,https://maps.gstatic.com/mapfiles/place_api/icons/v2/shoppingcart_pinlet,Coop Pronto Shop,"[{'height': 1036, 'html_attributions': ['<a href=""https://maps.google.com/maps/contrib/112429751371041965984"">Coop Zuerich Loewenstrasse</a>'], 'photo_reference': 'Aap_uEBcFoPfSfK7rPMX1XmjP7zqOS1VI8BuTIswKMbya22RQ83ISFPRA_WgXjCADZ9bgZZ3S2yp2kB3KxR6EmNQ2RrBIwEozT3sP2ftgBtLTglNQr1pVsH7-mtQCnyl9HxnL01-Y_QfKy5hHxdkobcPxdAt7KSSF1Kw2pQ2Hw_0dpaXTB9X', 'width': 1800}]",ChIJsyElQgQKkEcRb91g8gMMjtQ,4.1,ChIJsyElQgQKkEcRb91g8gMMjtQ,"['supermarket', 'grocery_or_supermarket', 'food', 'point_of_interest', 'store', 'establishment']",77,47.3733678,8.534488,47.37471762989273,8.535837829892722,47.37201797010729,8.533138170107279,True,9GFM+8Q Zürich,8FVC9GFM+8Q,
OPERATIONAL,"Theaterstrasse 18, 8001 Zürich, Switzerland",https://maps.gstatic.com/mapfiles/place_api/icons/v1/png_71/shopping-71.png,#4B96F3,https://maps.gstatic.com/mapfiles/place_api/icons/v2/shopping_pinlet,Coop City Zürich Bellevue,"[{'height': 3024, 'html_attributions': ['<a href=""https://maps.google.com/maps/contrib/113200936652747241126"">Salvatore Rudi</a>'], 'photo_reference': 'Aap_uEBfaxS5CPQ_ycHrf6zdOfCgF0VKs9z3oo3Uxs3AMCNmmYIjcDa3b-cHOxlRkjaxX34rKOOtk5voGCBjpUaOQ6t9Duyi3-GGY3ELzFLNkcMoRVmSB21x4pI70z8VIBJ12I2qfU80m7RKn68yH1eOjDSIPlRtzD_4_jtU12C7aAKRXW9_', 'width': 4032}]",ChIJC3cvW6ugmkcRIdOfNkdNiHE,4.3,ChIJC3cvW6ugmkcRIdOfNkdNiHE,"['department_store', 'point_of_interest', 'store', 'establishment']",1598,47.3671383,8.5459968,47.36841157989272,8.547202879892723,47.36571192010727,8.544503220107279,True,9G8W+V9 Zürich,8FVC9G8W+V9,
OPERATIONAL,"Bleicherweg 19, 8002 Zürich, Switzerland",https://maps.gstatic.com/mapfiles/place_api/icons/v1/png_71/shopping-71.png,#4B96F3,https://maps.gstatic.com/mapfiles/place_api/icons/v2/shoppingcart_pinlet,Coop Supermarkt Zürich Bleicherweg,"[{'height': 3024, 'html_attributions': ['<a href=""https://maps.google.com/maps/contrib/106871465245330007342"">A Google User</a>'], 'photo_reference': 'Aap_uEDeWBW3nF-Nx9U64BPYxOSqoVFsnHG-yksmwBUKsxOY9tNv0arBiRB5L3PFNI4Uq3iR7OPA4eytVaa1mT7lnjgY5--ymzmLo7WAa3FhdLA3gKOknqsitw5JPFnI9fuYAUx0YQhTQoaTJj5tlNGWa2GTWDZq7CSl5AToDTP59TFPyd9y', 'width': 4032}]",ChIJNdEUsJALkEcRf8VXsbY4wD8,3.9,ChIJNdEUsJALkEcRf8VXsbY4wD8,"['supermarket', 'grocery_or_supermarket', 'food', 'point_of_interest', 'store', 'establishment']",145,47.36785580000001,8.5360034,47.36920562989273,8.537353229892723,47.36650597010728,8.53465357010728,True,9G9P+4C Zürich,8FVC9G9P+4C,
OPERATIONAL,"Europaallee 5, 8004 Zürich, Switzerland",https://maps.gstatic.com/mapfiles/place_api/icons/v1/png_71/shopping-71.png,#4B96F3,https://maps.gstatic.com/mapfiles/place_api/icons/v2/shoppingcart_pinlet,Coop Supermarkt Zürich Europaallee Passage,"[{'height': 3264, 'html_attributions': ['<a href=""https://maps.google.com/maps/contrib/100953173491203684119"">Hans Willems</a>'], 'photo_reference': 'Aap_uEDsywE_T8BUiY_Q6OusIIlmZdVlijx-QMmr_QqezRg4dMUz6DTnYkkGWC5P_57H3vvIdsPHm9gjyNdcyjA--XQ7hQhkOoUCvwUvzfhbWcWG0YUZWp9b0DV9m7RpFf1l8SE-6n8xHcqYIt5RcAEaxFAvRJSHd3AOBaQrGrmr39nKXNjy', 'width': 2448}]",ChIJrYlCwA8KkEcRFaaZgrz8gwc,4.2,ChIJrYlCwA8KkEcRFaaZgrz8gwc,"['supermarket', 'grocery_or_supermarket', 'food', 'point_of_interest', 'store', 'establishment']",318,47.3780286,8.534917499999999,47.37930372989273,8.536565129892722,47.37660407010728,8.533865470107278,True,9GHM+6X Zürich,8FVC9GHM+6X,
OPERATIONAL,"Seefeldstrasse 35, 8008 Zürich, Switzerland",https://maps.gstatic.com/mapfiles/place_api/icons/v1/png_71/shopping-71.png,#4B96F3,https://maps.gstatic.com/mapfiles/place_api/icons/v2/shoppingcart_pinlet,Coop Supermarkt Zürich Brotgasse,"[{'height': 2322, 'html_attributions': ['<a href=""https://maps.google.com/maps/contrib/103541268436778144207"">Ksenia Markainesk</a>'], 'photo_reference': 'Aap_uECWaGLyZljzfgm-cTQzqmORxPxZryvxfF6PfwWDlEQTpSMvPxBeWeBkfitEgQAJKk7U9cyYJZ71S8EI2nW-Txui8q7jWMuk5YRQwcpd2fUS1Dmev5xkIbrC7wpxsQ53r7Ez2aF9wtGrww9xCR9hJDlPNiS0Zc0nJ8vUrut2MdjxfXX2', 'width': 4128}]",ChIJJXQjWk6nmkcRkGvoO-99oVE,4.2,ChIJJXQjWk6nmkcRkGvoO-99oVE,"['supermarket', 'grocery_or_supermarket', 'food', 'point_of_interest', 'store', 'establishment']",113,47.36317469999999,8.5499358,47.36452452989271,8.551285629892723,47.36182487010727,8.548585970107279,True,9G7X+7X Zürich,8FVC9G7X+7X,
OPERATIONAL,"Zollstrasse 42, 8005 Zürich, Switzerland",https://maps.gstatic.com/mapfiles/place_api/icons/v1/png_71/shopping-71.png,#4B96F3,https://maps.gstatic.com/mapfiles/place_api/icons/v2/shoppingcart_pinlet,Coop Supermarkt Zürich Zollstrasse,"[{'height': 3024, 'html_attributions': ['<a href=""https://maps.google.com/maps/contrib/103541268436778144207"">Ksenia Markainesk</a>'], 'photo_reference': 'Aap_uEDPLNZKrKiohuwRCKJVIs_h55mC7B6XfoFKiRCVakfEysV7SXfrtA2mxXAbXGy24S0oow58w36Oto-dMNUaDlRy_QREooVhRAUVpS5ytz7VVifWpGQyl6Bu_IeZi6ZXG7j-zmAGCxIT6IZzbpCpac7k7XxMTgglrj_6O3ROJ7c1zwYm', 'width': 4032}]",ChIJycNoXQ4KkEcR9FjkT19AFzw,4.1,ChIJycNoXQ4KkEcR9FjkT19AFzw,"['supermarket', 'grocery_or_supermarket', 'food', 'point_of_interest', 'store', 'establishment']",139,47.38049549999999,8.534856,47.38197602989272,8.53615522989272,47.37927637010728,8.533455570107277,True,9GJM+5W Zürich,8FVC9GJM+5W,
OPERATIONAL,"Universitätstrasse 73, 8006 Zürich, Switzerland",https://maps.gstatic.com/mapfiles/place_api/icons/v1/png_71/shopping-71.png,#4B96F3,https://maps.gstatic.com/mapfiles/place_api/icons/v2/shoppingcart_pinlet,Coop Supermarkt Zürich Universitätstrasse,"[{'height': 3024, 'html_attributions': ['<a href=""https://maps.google.com/maps/contrib/108500849340443896400"">Donja Darai</a>'], 'photo_reference': 'Aap_uEDBeV5hTiELsAsmIU82-AqhSe3JHIHuLTWb3R56_VMNNThGk7kccm9Sv51DgWZ5ApKcHu_8I5PbupsyKOPzeClypya3sZnb5s7VN9v5JcBxx9YOEv6R3dtSl0k2qAC1zYnBQCeIY85lsgzwCE_09gt_dmbmcWtQwxpeKW2O1gAcL_7d', 'width': 4032}]",ChIJkzTA46CgmkcRdMqv-tjwERQ,3.9,ChIJkzTA46CgmkcRdMqv-tjwERQ,"['supermarket', 'grocery_or_supermarket', 'food', 'point_of_interest', 'store', 'establishment']",224,47.38252139999999,8.547810499999999,47.38387122989272,8.549160329892722,47.38117157010728,8.546460670107278,True,9GMX+24 Zürich,8FVC9GMX+24,
OPERATIONAL,"Forchstrasse 4, 8008 Zürich, Switzerland",https://maps.gstatic.com/mapfiles/place_api/icons/v1/png_71/shopping-71.png,#4B96F3,https://maps.gstatic.com/mapfiles/place_api/icons/v2/shoppingcart_pinlet,Coop Supermarkt Zürich Kreuzplatz,"[{'height': 2322, 'html_attributions': ['<a href=""https://maps.google.com/maps/contrib/103541268436778144207"">Ksenia Markainesk</a>'], 'photo_reference': 'Aap_uEB4h04M4GOrsW3ZSF9hvy55PUeSmqkmcNQ8MpifHdVO6Q_e5d1vczQzcxQzqisY5VdO-u8_JeMtNQX6l431TNxuodJJP8tnxwaDMc2ANc-rt5QKLEZdt2ru5tjdtZ8v5LpTumI6WjpOmSnKOb-TqXIHgzj8NXqcDM9wRuu-C8pF9fYY', 'width': 4128}]",ChIJdUL9H02nmkcRyUv1OUIJOkA,4.0,ChIJdUL9H02nmkcRyUv1OUIJOkA,"['supermarket', 'grocery_or_supermarket', 'food', 'point_of_interest', 'store', 'establishment']",204,47.3644499,8.5548427,47.36579972989271,8.556192529892723,47.36310007010727,8.553492870107279,True,9H73+QW Zürich,8FVC9H73+QW,
OPERATIONAL,"Bahnhofstrasse 57 Coop City St.Annahof, 2. Etage, 8001 Zürich, Switzerland",https://maps.gstatic.com/mapfiles/place_api/icons/v1/png_71/generic_business-71.png,#4B96F3,https://maps.gstatic.com/mapfiles/place_api/icons/v2/generic_pinlet,Drogerie Brunner GmbH,"[{'height': 2268, 'html_attributions': ['<a href=""https://maps.google.com/maps/contrib/106624500281660299875"">A Google User</a>'], 'photo_reference': 'Aap_uEDzgXt7CmA0NUB3Tv9TZkoSIjwAW3YzVLIcVWuj9nIITuU2N67XEx_q2U7gMmvNb1gDp7bR6Z9cljsB82wmnTbTFyy4hmPlAoSVxitVoASHxl-UmjptETasRRmnA_KmlslcK_XhvlOLx09708kP5_ZG1vPuEejOMJzho9exbsgcJbxa', 'width': 4032}]",ChIJgcBmwAYKkEcRJb8tDPEEQlE,4.0,ChIJgcBmwAYKkEcRJb8tDPEEQlE,"['drugstore', 'health', 'point_of_interest', 'store', 'establishment']",6,47.372882,8.538064199999999,47.37417817989272,8.538904879892721,47.37147852010728,8.536205220107277,True,9GFQ+56 Zürich,8FVC9GFQ+56,
OPERATIONAL,"Löwenstrasse 9, 8001 Zürich, Switzerland",https://maps.gstatic.com/mapfiles/place_api/icons/v1/png_71/gas_station-71.png,#909CE1,https://maps.gstatic.com/mapfiles/place_api/icons/v2/gas_pinlet,Coop Pronto Shop – Zürich Löwenstrasse,"[{'height': 3024, 'html_attributions': ['<a href=""https://maps.google.com/maps/contrib/106871465245330007342"">A Google User</a>'], 'photo_reference': 'Aap_uEDB5nXrz2r5LlRhVu8L6wYUPQowFqsI92s5oB9rMRXJ3UI49jvp0u71DsmQTHflJsW0qJ9BaWUY2FXJnVtb18L5Uj1mBBPrFL9QZT9hekbuKdqFnapjJYV7AGlvwtOrrBmXH8cGVx0BZDxJ5QVhRVYMT0Fr4VdZvwIN-RKf4oqS2mLn', 'width': 4032}]",ChIJ_ze2QQQKkEcROVLuAMdqkog,3.9,ChIJ_ze2QQQKkEcROVLuAMdqkog,"['gas_station', 'point_of_interest', 'establishment']",12,47.3733846,8.534583300000001,47.37470737989272,8.536006429892721,47.37200772010728,8.533306770107277,True,9GFM+9R Zürich,8FVC9GFM+9R,
OPERATIONAL,"Stadelhoferstrasse 8, 8001 Zürich, Switzerland",https://maps.gstatic.com/mapfiles/place_api/icons/v1/png_71/restaurant-71.png,#FF9E67,https://maps.gstatic.com/mapfiles/place_api/icons/v2/restaurant_pinlet,Coop ToGo Zürich Stadelhofen,"[{'height': 3024, 'html_attributions': ['<a href=""https://maps.google.com/maps/contrib/103541268436778144207"">Ksenia Markainesk</a>'], 'photo_reference': 'Aap_uED0H4HZgrLYs5BOM19ONVULL7lmbGkDVmOQBx9g47HemvJPbWdtNWRCIbLRthFCg96mwpHCRI33gs2FIYGQbtJ0YzM_S63MY-1MSHgDakeg9Fjj3_YeSwAZbWAplGi5EBq-tskmcZnwt4XJMwZx4yISgB9eUNsTsfr8MUTIpFWrRRC3', 'width': 4032}]",ChIJ24iyO_mZmkcRHYwx0uUxRV0,4.4,ChIJ24iyO_mZmkcRHYwx0uUxRV0,"['meal_takeaway', 'restaurant', 'food', 'point_of_interest', 'establishment']",59,47.366583,8.548437999999999,47.36787952989272,8.549495479892723,47.36517987010728,8.54679582010728,True,9G8X+J9 Zürich,8FVC9G8X+J9,
OPERATIONAL,"Tessinerpl. 10, 8002 Zürich, Switzerland",https://maps.gstatic.com/mapfiles/place_api/icons/v1/png_71/shopping-71.png,#4B96F3,https://maps.gstatic.com/mapfiles/place_api/icons/v2/shoppingcart_pinlet,Coop Supermarkt Zürich Enge Bahnhof,"[{'height': 3024, 'html_attributions': ['<a href=""https://maps.google.com/maps/contrib/103541268436778144207"">Ksenia Markainesk</a>'], 'photo_reference': 'Aap_uEB5bIMdGQ9HRD44a-KWtfvZ4qqq5xkU0b8WPidDjaz3T3mpKQjPymB_fbiyOMtY1D9q-ulmbOrgDWgn9AIUdbhHn4yTL9lAjBI081-mqi5AF5-ywGx-0JJaksO6pvJYxo7XQP2XhuPmBlc1fJa3usI1mfR4WoZWiC9LMXq0EmDkEkiE', 'width': 4032}]",ChIJd6HCBvkJkEcR-p95T4wTZsw,3.8,ChIJd6HCBvkJkEcR-p95T4wTZsw,"['supermarket', 'grocery_or_supermarket', 'food', 'point_of_interest', 'store', 'establishment']",40,47.3644302,8.530957899999999,47.36580167989272,8.532473529892721,47.36310202010728,8.529773870107277,True,9G7J+Q9 Zürich,8FVC9G7J+Q9,
OPERATIONAL,"Theaterstrasse 18, 8001 Zürich, Switzerland",https://maps.gstatic.com/mapfiles/place_api/icons/v1/png_71/restaurant-71.png,#FF9E67,https://maps.gstatic.com/mapfiles/place_api/icons/v2/restaurant_pinlet,Coop Restaurant Zürich Bellevue,"[{'height': 4032, 'html_attributions': ['<a href=""https://maps.google.com/maps/contrib/115809073337729603059"">Donat Deger</a>'], 'photo_reference': 'Aap_uEAufN5qQjNVrH-GOON5YoavQppJ_Zbvoen6q-wgsRuf8rZohjFzvu08pIYa1dh2xglAP-0_RvbtY8gLu7wbic4aUTTjfniZFo8GR6t2AoVzmBf-QHMk6qbywKpsaXctoc2Gh7Y222YWOvGsF9BvHTHlJnCBmGJ5lnUU47JvhKI7tjps', 'width': 3024}]",ChIJt3cvW6ugmkcR8lFcEpjr-UU,4.1,ChIJt3cvW6ugmkcR8lFcEpjr-UU,"['restaurant', 'food', 'point_of_interest', 'establishment']",125,47.3671383,8.5459968,47.36841157989272,8.547202879892723,47.36571192010727,8.544503220107279,True,9G8W+V9 Zürich,8FVC9G8W+V9,
OPERATIONAL,"Universitätstrasse 101, 8006 Zürich, Switzerland",https://maps.gstatic.com/mapfiles/place_api/icons/v1/png_71/shopping-71.png,#4B96F3,https://maps.gstatic.com/mapfiles/place_api/icons/v2/shoppingcart_pinlet,Coop Supermarkt Zürich Rigiplatz,"[{'height': 1100, 'html_attributions': ['<a href=""https://maps.google.com/maps/contrib/115272815637806793956"">Coop Zuerich Rigiplatz</a>'], 'photo_reference': 'Aap_uEASytXUFFtve1dTTq4f4SR63Ep1Syv8NjlQdtQC0c8VDrLsjiHBCxOQMqcD-8KVEpEvBe6JBuZE_hE9ouwUrjhmbjHaKsPkOCIejr3so8PhhKd5yt7zHsVFw2qgRFAJn6DDmkf_yipVeEBLnPG-SBlUxfnRcuyc2UeQf8AD3gbW6qTY', 'width': 2000}]",ChIJ6UrCT6CgmkcRc66BhyTAc04,3.9,ChIJ6UrCT6CgmkcRc66BhyTAc04,"['supermarket', 'grocery_or_supermarket', 'food', 'point_of_interest', 'store', 'establishment']",99,47.3839571,8.5480634,47.38523247989273,8.549510579892722,47.38253282010728,8.546810920107278,True,9GMX+H6 Zürich,8FVC9GMX+H6,
OPERATIONAL,"Alte Kalchbühlstrasse 15, 8038 Zürich, Switzerland",https://maps.gstatic.com/mapfiles/place_api/icons/v1/png_71/shopping-71.png,#4B96F3,https://maps.gstatic.com/mapfiles/place_api/icons/v2/shoppingcart_pinlet,Coop Supermarkt Zürich Wollishofen,"[{'height': 3024, 'html_attributions': ['<a href=""https://maps.google.com/maps/contrib/111743522637831606018"">Daniil Mirylenka</a>'], 'photo_reference': 'Aap_uEBbepWhZfOBXXFLgt4kYk84MhIaSSczo8Dj3evEOfiErF8dh69t6VlHMOKKg2lycecKxqN2DS2l1m5xpkYc3oxe6CFTpHAQDDrqdw9gNiQ07DV-a6lG25nu3_IA6DFMOlb4Ygvd4ssqo2O7UC_Z_Hq7ndhvYZ_e8sLd_b_NaYiDLJK3', 'width': 4032}]",ChIJtd5NWdgJkEcR2n9icvFvjqI,4.3,ChIJtd5NWdgJkEcR2n9icvFvjqI,"['supermarket', 'grocery_or_supermarket', 'food', 'point_of_interest', 'store', 'establishment']",575,47.3399252,8.530756499999999,47.34137497989271,8.53189612989272,47.33867532010727,8.529196470107276,True,8GQJ+X8 Zürich,8FVC8GQJ+X8,
OPERATIONAL,"Seestrasse 339, 8038 Zürich, Switzerland",https://maps.gstatic.com/mapfiles/place_api/icons/v1/png_71/shopping-71.png,#4B96F3,https://maps.gstatic.com/mapfiles/place_api/icons/v2/shoppingcart_pinlet,Coop Supermarkt Zürich Wollishofen Seestr.,"[{'height': 1100, 'html_attributions': ['<a href=""https://maps.google.com/maps/contrib/113566971184647102242"">Coop</a>'], 'photo_reference': 'Aap_uEASJasvP7UKVhEX0kO3lKIKDxLjXEgZuSHSIIXUzZ2AWLKz5SC-DeYN2fbkAQOHdXHxAFwMTyAQRED3nj1kbvQXQ9UO6TrDCD9NNhOVv5OzhF-4V8OSAaRLt02h4uBfzfvErkX-SdBm_LaS5mehwGaeO2J3Nq_LGp6dAlEEZBsoOft8', 'width': 2000}]",ChIJHd1I598JkEcRelTmD3KV3b8,4.0,ChIJHd1I598JkEcRelTmD3KV3b8,"['supermarket', 'grocery_or_supermarket', 'food', 'point_of_interest', 'store', 'establishment']",162,47.3471959,8.533142699999999,47.34854572989272,8.53449252989272,47.34584607010727,8.531792870107276,True,8GWM+V7 Zürich,8FVC8GWM+V7,
OPERATIONAL,"Tessinerpl. 3, 8002 Zürich, Switzerland",https://maps.gstatic.com/mapfiles/place_api/icons/v1/png_71/shopping-71.png,#4B96F3,https://maps.gstatic.com/mapfiles/place_api/icons/v2/shoppingcart_pinlet,Coop Pronto Shop,"[{'height': 4032, 'html_attributions': ['<a href=""https://maps.google.com/maps/contrib/104449070229208089412"">Sviatoslav R</a>'], 'photo_reference': 'Aap_uECcMsn9SUSi11k-HX7aSNV5Pv39PqfZEsfCqCYDPEUWAuH_w5rJvM6e8_OjF0zBBh7JZ0_IljPysagN3YefHkH8Z8oO984kq5M4_5eHmYlEPaTLVkscR2MiSVlAmHfGNhdErL8-wkiWxi918qC1LCJhUfPM0KtRu-2JIQao7QQ60u19', 'width': 3024}]",ChIJR-JmIvkJkEcRlsBVvfH2t-A,4.2,ChIJR-JmIvkJkEcRlsBVvfH2t-A,"['supermarket', 'grocery_or_supermarket', 'food', 'point_of_interest', 'store', 'establishment']",74,47.3644142,8.5322192,47.36579487989273,8.533268129892724,47.36309522010728,8.53056847010728,True,9G7J+QV Zürich,8FVC9G7J+QV,
OPERATIONAL,"Leimbachstrasse 200, 8041 Zürich, Switzerland",https://maps.gstatic.com/mapfiles/place_api/icons/v1/png_71/shopping-71.png,#4B96F3,https://maps.gstatic.com/mapfiles/place_api/icons/v2/shoppingcart_pinlet,Coop Supermarkt Zürich Leimbach,"[{'height': 2988, 'html_attributions': ['<a href=""https://maps.google.com/maps/contrib/104190584122474994740"">Markus Reitschuster</a>'], 'photo_reference': 'Aap_uECYy76iLBB7hPph152hPRMqYfElFR0OjSrF8r1eeDMYsvmZxnczs36rkOxvXqhAFMQ1w-PYPfHXaNKBQ_BsQa1bmdAMdKI-uKcTKTpkv0lvVE24jf52-eqjaon4bC0ZjdVVZduq-voiGTDq2trIrSHa-WuZaSxz65cdiNtjEHs0XNa3', 'width': 5312}]",ChIJTUhiXjIIkEcRJo4d0p5UxZg,4.2,ChIJTUhiXjIIkEcRJo4d0p5UxZg,"['supermarket', 'grocery_or_supermarket', 'food', 'point_of_interest', 'store', 'establishment']",169,47.3262298,8.5143126,47.32772622989273,8.515787329892722,47.32502657010728,8.513087670107279,True,8GG7+FP Zürich,8FVC8GG7+FP,
OPERATIONAL,"Alte Kalchbühlstrasse 15, 8038 Zürich, Switzerland",https://maps.gstatic.com/mapfiles/place_api/icons/v1/png_71/atm-71.png,#909CE1,https://maps.gstatic.com/mapfiles/place_api/icons/v2/atm_pinlet,Coop Bancomat,,ChIJd-TIXtgJkEcR2KuqHyAT_zE,3.0,ChIJd-TIXtgJkEcR2KuqHyAT_zE,"['atm', 'finance', 'point_of_interest', 'establishment']",1,47.34010749999999,8.5305544,47.34147452989271,8.531820879892722,47.33877487010727,8.529121220107278,True,8GRJ+26 Zürich,8FVC8GRJ+26,
OPERATIONAL,"Waffenplatzstrasse 40, 8002 Zürich, Switzerland",https://maps.gstatic.com/mapfiles/place_api/icons/v1/png_71/shopping-71.png,#4B96F3,https://maps.gstatic.com/mapfiles/place_api/icons/v2/shoppingcart_pinlet,migrolino Zürich Waffenplatz,"[{'height': 3024, 'html_attributions': ['<a href=""https://maps.google.com/maps/contrib/102857157426638223095"">Young-Jun Hong</a>'], 'photo_reference': 'Aap_uEBx731yR2IFSa1Njfc1ixOlMPKh_kEhI0BtGcaePxkfF5N0yPjRSQIqumTO94NPk9MGsSZhFkhK2GkG21oYbkyoTJH0u-fNkRT3Pm4fvoKkRxmpRU-nqfUhrxN8Ngrs8EXRjEL1QEc3PRwu7he2C4PLwkb4MaI_dl5wYunCC4DDN2fS', 'width': 4032}]",ChIJm5NFmvoJkEcR09JW1-3sOxc,4.3,ChIJm5NFmvoJkEcR09JW1-3sOxc,"['supermarket', 'grocery_or_supermarket', 'food', 'point_of_interest', 'store', 'establishment']",81,47.3595129,8.5266093,47.36087152989272,8.52807602989272,47.35817187010728,8.525376370107276,True,9G5G+RJ Zürich,8FVC9G5G+RJ,
OPERATIONAL,"Kalanderpl. 1, 8045 Zürich, Switzerland",https://maps.gstatic.com/mapfiles/place_api/icons/v1/png_71/shopping-71.png,#4B96F3,https://maps.gstatic.com/mapfiles/place_api/icons/v2/shoppingcart_pinlet,Coop Supermarkt Zürich Sihlcity Supermarkt,"[{'height': 1100, 'html_attributions': ['<a href=""https://maps.google.com/maps/contrib/113084320177869683646"">A Google User</a>'], 'photo_reference': 'Aap_uEDgXAgA4xpIbrEGgJW4h4zMRBOJ2_ywHkuVRZGIA12eo-a9jAIL8OecwdXyB7ebPIiN7f9F-lXN_dvmO30fxjqQBt2Ycmd5UayonS9-Cr05W4tle5d6ea3zP1LSU-EYiAfEwOweYQTlSoyYfL1SwEvnlIcxTu3fiAnvVvkK-ZHhIQyo', 'width': 2000}]",ChIJFwx7xe8JkEcRDrrE0f9X6mg,4.4,ChIJFwx7xe8JkEcRDrrE0f9X6mg,"['supermarket', 'grocery_or_supermarket', 'food', 'point_of_interest', 'store', 'establishment']",608,47.3576232,8.5231751,47.35917822989273,8.52387537989272,47.35647857010728,8.521175720107276,True,9G5F+27 Zürich,8FVC9G5F+27,
OPERATIONAL,"Birmensdorferstrasse 55, 8004 Zürich, Switzerland",https://maps.gstatic.com/mapfiles/place_api/icons/v1/png_71/shopping-71.png,#4B96F3,https://maps.gstatic.com/mapfiles/place_api/icons/v2/shoppingcart_pinlet,Coop Pronto Shop,"[{'height': 4032, 'html_attributions': ['<a href=""https://maps.google.com/maps/contrib/115376396579504498295"">Alexandru Rugina</a>'], 'photo_reference': 'Aap_uEDKvIaQFWikPeKw_PNhh72LVd8NNKKUzjFMyCjb2hjp_HhhaTc1nInGM7NZqGQ2z_8o00zhjVjjNI78JX2ccpWjFJtTcI7eihbp0llUE6yp-R_gfrJYzVO_774WdgLohJE9HX4RoJGKCdFGaJ399u4UhdRtuee2k8LaoupJmnh7mzJi', 'width': 3024}]",ChIJe49XbxkKkEcRH1OzFi_Q5rk,4.2,ChIJe49XbxkKkEcRH1OzFi_Q5rk,"['supermarket', 'grocery_or_supermarket', 'food', 'point_of_interest', 'store', 'establishment']",98,47.3713635,8.5251356,47.37276462989272,8.526369329892722,47.37006497010728,8.523669670107278,True,9GCG+G3 Zürich,8FVC9GCG+G3,
OPERATIONAL,"Gartenstrasse 11, 8002 Zürich, Switzerland",https://maps.gstatic.com/mapfiles/place_api/icons/v1/png_71/bank-71.png,#909CE1,https://maps.gstatic.com/mapfiles/place_api/icons/v2/bank-intl_pinlet,Humbel Financial Services,,ChIJp2guFgIKkEcR6AH7CCPZj8w,0.0,ChIJp2guFgIKkEcR6AH7CCPZj8w,"['bank', 'finance', 'point_of_interest', 'establishment']",0,47.368333,8.5339242,47.36974837989272,8.535226979892721,47.36704872010728,8.532527320107278,,9G9M+8H Zürich,8FVC9G9M+8H,
OPERATIONAL,"Albisstrasse 81, 8038 Zürich, Switzerland",https://maps.gstatic.com/mapfiles/place_api/icons/v1/png_71/shopping-71.png,#4B96F3,https://maps.gstatic.com/mapfiles/place_api/icons/v2/shoppingcart_pinlet,ALDI SUISSE,"[{'height': 1512, 'html_attributions': ['<a href=""https://maps.google.com/maps/contrib/106001228476708828171"">A Google User</a>'], 'photo_reference': 'Aap_uEBmJjpmZS9R4cmATt7om1VjcoVk2dLNyFeetq3JodsWWSab7a9l9M_GPUUfjaD0PaZRN6lG1JnuJECdePArPZQviCOCwDhnIHbydzde5fUNZliXZGTuK4Xdkvu1X3Z_82Z1djRWujPNGlMWggkyR_RNxybYix08oJD7jyQTmrKTVjhA', 'width': 2016}]",ChIJgftGuzAJkEcRnHASrlZ4gYU,4.4,ChIJgftGuzAJkEcRnHASrlZ4gYU,"['supermarket', 'grocery_or_supermarket', 'food', 'point_of_interest', 'store', 'establishment']",214,47.3409069,8.5306032,47.34227577989272,8.531856929892722,47.33957612010727,8.529157270107278,True,8GRJ+96 Zürich,8FVC8GRJ+96,
OPERATIONAL,"Etzelstrasse 3, 8038 Zürich, Switzerland",https://maps.gstatic.com/mapfiles/place_api/icons/v1/png_71/shopping-71.png,#4B96F3,https://maps.gstatic.com/mapfiles/place_api/icons/v2/shoppingcart_pinlet,Migros Supermarkt,"[{'height': 1080, 'html_attributions': ['<a href=""https://maps.google.com/maps/contrib/108404317088975561542"">O. G.</a>'], 'photo_reference': 'Aap_uEBmyj0oou5U-ei_k92rGtTqTAvVXlC0pxksCqAfhB4xMC08NSunfOk5fvfh9tV7l9Dbsfpl5o7WwbLtQYcIl3VKU3dV3jCCxoWWGaR9-2pxuGojGJlfZ2Hbtqybi-tSi95cPPRzA6kLrlUmaLxBgVysxPM9Tkv29lopf8W2QDepvT1O', 'width': 1920}]",ChIJA0Pf5N4JkEcRD2eKbftCaxc,4.3,ChIJA0Pf5N4JkEcRD2eKbftCaxc,"['grocery_or_supermarket', 'supermarket', 'food', 'point_of_interest', 'store', 'establishment']",587,47.34472220000001,8.53,47.34602447989273,8.531280779892723,47.34332482010728,8.52858112010728,True,8GVJ+V2 Zürich,8FVC8GVJ+V2,
OPERATIONAL,"Leimbachstrasse 23, 8041 Zürich, Switzerland",https://maps.gstatic.com/mapfiles/place_api/icons/v1/png_71/shopping-71.png,#4B96F3,https://maps.gstatic.com/mapfiles/place_api/icons/v2/shoppingcart_pinlet,Migros Supermarkt,"[{'height': 2988, 'html_attributions': ['<a href=""https://maps.google.com/maps/contrib/102197508305778438125"">Markus Düsi Ardüser</a>'], 'photo_reference': 'Aap_uEAKHeGsRxg3KKv5HN0xqPPnB7qJPC8obK7ZhXNs3qCMJlVPjSPQZz-NEcJSv2nstW3iWmR99KB6dD6zs3gLjR9pENm5cWnk6bttOqvNxzKPWlElfya_XLj60YL_TRQpVoHA9vAtXv_2MX2s6n9bAr3uVvDu57M7U7-HkTSsAa3xxo77', 'width': 3984}]",ChIJ6cfaKs4JkEcRgtb1q4szNRU,4.1,ChIJ6cfaKs4JkEcRgtb1q4szNRU,"['grocery_or_supermarket', 'supermarket', 'food', 'point_of_interest', 'store', 'establishment']",223,47.33603830000001,8.518926,47.33724247989272,8.520097029892721,47.33454282010728,8.517397370107277,True,8GP9+CH Zürich,8FVC8GP9+CH,
OPERATIONAL,"Friesenbergpl. 3, 8045 Zürich, Switzerland",https://maps.gstatic.com/mapfiles/place_api/icons/v1/png_71/shopping-71.png,#4B96F3,https://maps.gstatic.com/mapfiles/place_api/icons/v2/shoppingcart_pinlet,Coop Supermarkt Zürich Zentrum Friesenberg,"[{'height': 3456, 'html_attributions': ['<a href=""https://maps.google.com/maps/contrib/100967198707224955536"">marlene izquierdo</a>'], 'photo_reference': 'Aap_uEBPkf-mNlpTDCgw789JuTFby_F3wapPNCtjpYwPGAxu-2fkXFOJeoq8OUV3ggkDDOB4qyi-Jl98h3OeKHiLNt002nlfb0jDy7aMW3FNOApczPpgx1rYqMbb1bbal2f0QGj13_PSREDN-vtg2Kj_RyPaiiNPT5GQWDPczlZT8-GkSvZv', 'width': 4608}]",ChIJt9-rXyAKkEcR2KENnw7LbUw,4.0,ChIJt9-rXyAKkEcR2KENnw7LbUw,"['supermarket', 'grocery_or_supermarket', 'food', 'point_of_interest', 'store', 'establishment']",81,47.3609859,8.5068465,47.36219482989272,8.50801922989272,47.35949517010727,8.505319570107277,True,9G64+9P Zürich,8FVC9G64+9P,
OPERATIONAL,"Friesenbergpl. 3, 8045 Zürich, Switzerland",https://maps.gstatic.com/mapfiles/place_api/icons/v1/png_71/shopping-71.png,#4B96F3,https://maps.gstatic.com/mapfiles/place_api/icons/v2/shoppingcart_pinlet,Coop Zürich Schweighofstrasse,"[{'height': 1080, 'html_attributions': ['<a href=""https://maps.google.com/maps/contrib/112736082581725380438"">Massimiliano Hofer</a>'], 'photo_reference': 'Aap_uEBIAackPctGhX3HXW3IOXmJCvTbslA09X3QkSIrthDtKYygA1BFO2FP-39H3sZWVZ3Lu_wTVFm-ktGyrgsrUeHcXx41jh1YFYLKNyXu3QDStU1ymgv308ny5TpNnSyA49Cd6sSEpMDl1V_dWNtYtjrmrcwD4w2EnNbz3Y-FE0DEVcI5', 'width': 1920}]",ChIJ7UVsQo4JkEcRwQUFGjw25xI,4.1,ChIJ7UVsQo4JkEcRwQUFGjw25xI,"['supermarket', 'grocery_or_supermarket', 'food', 'point_of_interest', 'store', 'establishment']",90,47.3611491,8.506497099999999,47.36258427989272,8.507752229892722,47.35988462010727,8.505052570107278,True,9G64+FH Zürich,8FVC9G64+FH,
OPERATIONAL,"Badenerstrasse 44, 8004 Zürich, Switzerland",https://maps.gstatic.com/mapfiles/place_api/icons/v1/png_71/shopping-71.png,#4B96F3,https://maps.gstatic.com/mapfiles/place_api/icons/v2/shoppingcart_pinlet,Coop Pronto Shop,"[{'height': 1036, 'html_attributions': ['<a href=""https://maps.google.com/maps/contrib/114183006962052513542"">Coop Zuerich Badenerstrasse</a>'], 'photo_reference': 'Aap_uEA_J_KJk0TqWmH69PKC21MkrijDo3500K2qGdTGEmmQ4dznbQai8muhpU62Qz2nF0L9ddQDGXJKCYKny-BFTO6ULn5Coo3iIaGe0rSYef4Ecx8AF9ZKU-5BWxaMwzRsEiN47J7H-MffJc1C-7x4LIBQCvVWvLbZpIX0cvPiXCmMDfAw', 'width': 1800}]",ChIJN4lZaRsKkEcR8UgdpDhrUwg,4.0,ChIJN4lZaRsKkEcR8UgdpDhrUwg,"['supermarket', 'grocery_or_supermarket', 'food', 'point_of_interest', 'store', 'establishment']",37,47.3734124,8.5284011,47.37469897989272,8.529537229892723,47.37199932010728,8.52683757010728,True,9GFH+99 Zürich,8FVC9GFH+99,
OPERATIONAL,"Badenerstrasse 575, 8048 Zürich, Switzerland",https://maps.gstatic.com/mapfiles/place_api/icons/v1/png_71/shopping-71.png,#4B96F3,https://maps.gstatic.com/mapfiles/place_api/icons/v2/shoppingcart_pinlet,Coop Pronto Shop,"[{'height': 1036, 'html_attributions': ['<a href=""https://maps.google.com/maps/contrib/103269297810200089015"">Coop Zuerich Kiss</a>'], 'photo_reference': 'Aap_uECpTvDcxKACa1Z2NRcBZPFixT6ApmPeQI6tJXIAO5dFMlG0kuCBn7AJbUKG41n3YlTkkTDD_cS_kLRGmr_UUpKnqHTC_dDQV6gncb3yXUhzq2_OXLPijNz5Vwh1elr6oDzZSyk7oUXFUc3gptEE4GnY3gtU-CAM7e6u0ns2JtVm65jO', 'width': 1800}]",ChIJoxpEocwLkEcRyX_yTOD8J-o,4.4,ChIJoxpEocwLkEcRyX_yTOD8J-o,"['supermarket', 'grocery_or_supermarket', 'food', 'point_of_interest', 'store', 'establishment']",82,47.3846317,8.495802,47.38607362989271,8.497109779892721,47.38337397010727,8.494410120107277,True,9FMW+V8 Zürich,8FVC9FMW+V8,
OPERATIONAL,"Hohlstrasse 461, 8048 Zürich, Switzerland",https://maps.gstatic.com/mapfiles/place_api/icons/v1/png_71/gas_station-71.png,#909CE1,https://maps.gstatic.com/mapfiles/place_api/icons/v2/gas_pinlet,Coop,"[{'height': 1036, 'html_attributions': ['<a href=""https://maps.google.com/maps/contrib/102577639578078532503"">Coop Pronto</a>'], 'photo_reference': 'Aap_uEAPKIZoQqZme0Pmfw0D02vjPvosqRT_pLSXfn4k6MGZEWIfgvi2GHMM3Jjke-vNKyxSAxxjP2Lk09m8uRmBZPwjAyZtlWp6A_8Ta1rq-CzIEE42slGr_LGdWnUIacTzs3Hgb4dnJHjWNSyExgPzaY-mhbd-Q6vaRRfsNdY4hTfmm4Lf', 'width': 1800}]",ChIJIRaoKTUKkEcRQUaW6jdZfME,4.2,ChIJIRaoKTUKkEcRQUaW6jdZfME,"['gas_station', 'supermarket', 'grocery_or_supermarket', 'food', 'point_of_interest', 'store', 'establishment']",173,47.3872813,8.4984865,47.38894897989271,8.499882729892722,47.38624932010727,8.497183070107278,True,9FPX+W9 Zürich,8FVC9FPX+W9,
OPERATIONAL,"Museumstrasse, 8001 Zürich, Switzerland",https://maps.gstatic.com/mapfiles/place_api/icons/v1/png_71/shopping-71.png,#4B96F3,https://maps.gstatic.com/mapfiles/place_api/icons/v2/shoppingcart_pinlet,Coop,"[{'height': 4032, 'html_attributions': ['<a href=""https://maps.google.com/maps/contrib/113477912574613727649"">Mina Farag</a>'], 'photo_reference': 'Aap_uEBOpoKUlnvgwtniOLqgSHFUjD6hWaZSIX9BqEWr23NOLfuQAL2LCPX2l73nfVNgcdyApLkb_6YcoRe3EImQwxsK_5XkCWUEoeNLlUHbeaa0MjUnfYZn-jhcnGkYvbOVCoSwZqAv68PhvG74mmAxTvpfVdOf_jboMFZB-ccLirsZV4B0', 'width': 3024}]",ChIJuQHq4AgKkEcRY14U5w5bJfQ,4.0,ChIJuQHq4AgKkEcRY14U5w5bJfQ,"['supermarket', 'grocery_or_supermarket', 'food', 'point_of_interest', 'store', 'establishment']",67,47.3778076,8.5384652,47.37887982989271,8.540917399999998,47.37618017010727,8.537647799999998,True,9GHQ+49 Zürich,8FVC9GHQ+49,
OPERATIONAL,"Scheffelstrasse 12, 8037 Zürich, Switzerland",https://maps.gstatic.com/mapfiles/place_api/icons/v1/png_71/shopping-71.png,#4B96F3,https://maps.gstatic.com/mapfiles/place_api/icons/v2/shoppingcart_pinlet,Coop Supermarkt Zürich Scheffelstrasse,"[{'height': 4624, 'html_attributions': ['<a href=""https://maps.google.com/maps/contrib/101663630348406919558"">A Google User</a>'], 'photo_reference': 'Aap_uEC5570S1ptbsNwOLang_meismEUekvWK2WkF_bb1LfFGT8Jin9lOpqUcxby0H_70B-0lNA3-ZP9WVfFPydSQInZ7nfomK5OUUpQmwpdLrPJrR4FF9sWbBXbEHke4L_3TJ5yMbE7wwii7es8zQyJHWMzlWGzJjdCyXfIkiKYSSQaLxZq', 'width': 3472}]",ChIJWcZrL2kKkEcRdFqDH3JcdDE,4.0,ChIJWcZrL2kKkEcRdFqDH3JcdDE,"['supermarket', 'grocery_or_supermarket', 'food', 'point_of_interest', 'store', 'establishment']",287,47.3938032,8.5295861,47.39511592989272,8.530863029892721,47.39241627010728,8.528163370107277,True,9GVH+GR Zürich,8FVC9GVH+GR,
OPERATIONAL,"Hofwiesenstrasse 5, 8057 Zürich, Switzerland",https://maps.gstatic.com/mapfiles/place_api/icons/v1/png_71/shopping-71.png,#4B96F3,https://maps.gstatic.com/mapfiles/place_api/icons/v2/shoppingcart_pinlet,Coop Pronto Shop,"[{'height': 3024, 'html_attributions': ['<a href=""https://maps.google.com/maps/contrib/109456292964978827995"">Patrick Hediger</a>'], 'photo_reference': 'Aap_uECG2G5lm43tS4GUgMTYjCxcYTRpimLrsjjU13Hu_4GMc_wStN3xYMPzj3_aG6r13-8Fflmzp-E9Ci0sCrEaFr7vhve6vi18c-xKy8eGj1MLj1pq6qd0ZtyxjJpCr6XXyWQcoiG7iA525PYW_sH6fAbirEJfM0kNVdEW9heW9PvIYCIM', 'width': 4032}]",ChIJHbxHkHEKkEcRkRNwHHIy1bo,4.2,ChIJHbxHkHEKkEcRkRNwHHIy1bo,"['supermarket', 'grocery_or_supermarket', 'food', 'point_of_interest', 'store', 'establishment']",100,47.3922223,8.538111899999999,47.39358937989272,8.53954052989272,47.39088972010727,8.536840870107277,True,9GRQ+V6 Zürich,8FVC9GRQ+V6,
OPERATIONAL,"Milchbuckstrasse 1/5, 8057 Zürich, Switzerland",https://maps.gstatic.com/mapfiles/place_api/icons/v1/png_71/shopping-71.png,#4B96F3,https://maps.gstatic.com/mapfiles/place_api/icons/v2/shoppingcart_pinlet,Coop Supermarkt Zürich Milchbuck,"[{'height': 4032, 'html_attributions': ['<a href=""https://maps.google.com/maps/contrib/109692495573239727429"">Juri Sarbach</a>'], 'photo_reference': 'Aap_uEA8gXcK70beJUtkUZq86X5eZYQF-xbm6XuUKM4bS50lh-a79H1tf7O--RXXqjJEwIwJsdzeRG8QAodop7FIIaj0YEgDyQT9JIB7MGSFpykwxzR8nRFTLlS0yC4_AbUgOxs4zBi-E0BGRwwCqB1kfYkv2cha8__xCvrJyaQfgSs_YplH', 'width': 3024}]",ChIJXU7khXAKkEcRyiofAm8qceM,3.8,ChIJXU7khXAKkEcRyiofAm8qceM,"['supermarket', 'grocery_or_supermarket', 'food', 'point_of_interest', 'store', 'establishment']",390,47.3954544,8.540429699999999,47.39697867989272,8.541741379892722,47.39427902010728,8.539041720107278,True,9GWR+55 Zürich,8FVC9GWR+55,
OPERATIONAL,"Milchbuckstrasse 1, 8057 Zürich, Switzerland",https://maps.gstatic.com/mapfiles/place_api/icons/v1/png_71/generic_business-71.png,#7B9EB0,https://maps.gstatic.com/mapfiles/place_api/icons/v2/generic_pinlet,Coop Genossenschaft,,ChIJa2qejnAKkEcRYjvIVuFY-Qc,4.0,ChIJa2qejnAKkEcRYjvIVuFY-Qc,"['point_of_interest', 'establishment']",1,47.3957851,8.5404816,47.39714752989272,8.541765379892722,47.39444787010728,8.539065720107278,True,9GWR+85 Zürich,8FVC9GWR+85,
OPERATIONAL,"Zürichbergstrasse 75, 8044 Zürich, Switzerland",https://maps.gstatic.com/mapfiles/place_api/icons/v1/png_71/shopping-71.png,#4B96F3,https://maps.gstatic.com/mapfiles/place_api/icons/v2/shoppingcart_pinlet,Coop Supermarkt Zürich Fluntern,"[{'height': 1100, 'html_attributions': ['<a href=""https://maps.google.com/maps/contrib/102711112576492731743"">Coop Zuerich Fluntern</a>'], 'photo_reference': 'Aap_uEA0dZxpSnCTDOWv295_JSAqkcFktalVQovNjkSmtTKkhHFJfR9ZIJkklxtK0hAfFPaDLoWVcXcea-TJvhN94knIYpCq09jgqS39LtoJLHJSiSETWYnC8bac4FOni30dSpnSf8G50YGSP3dGANnVmla6-JNuYKQizJNCQVRvRB0eAA8z', 'width': 2000}]",ChIJdUL9H02nmkcRU115IRS7Tn0,3.9,ChIJdUL9H02nmkcRU115IRS7Tn0,"['supermarket', 'grocery_or_supermarket', 'food', 'point_of_interest', 'store', 'establishment']",152,47.3763892,8.559660299999999,47.37779107989272,8.560880529892723,47.37509142010728,8.558180870107279,True,9HG5+HV Zürich,8FVC9HG5+HV,
OPERATIONAL,"Schwamendingenstrasse 39, 8050 Zürich, Switzerland",https://maps.gstatic.com/mapfiles/place_api/icons/v1/png_71/shopping-71.png,#4B96F3,https://maps.gstatic.com/mapfiles/place_api/icons/v2/shoppingcart_pinlet,Coop Supermarkt Zürich Dorflinde,"[{'height': 3096, 'html_attributions': ['<a href=""https://maps.google.com/maps/contrib/100173714936134432143"">Srdjan Lorencini</a>'], 'photo_reference': 'Aap_uECy0WHkbJqgQmybYVLd5JRPk0c2X67GpDnUc-PiOMNt_AyL-3JUc-3crcY3OvBNT0tnLsDho7QzPPA_PtpqGcULVVTr_5WCWfU7RX81ymVfBTdaWzCSMBM_a6Xb_F__Zti_bdc1f6regu1u8fOltcp6jH_nSGt_ZLCZp5vIYgBTQoI6', 'width': 4128}]",ChIJk3synY8KkEcRPiSd8bYbHLo,4.0,ChIJk3synY8KkEcRPiSd8bYbHLo,"['supermarket', 'grocery_or_supermarket', 'food', 'point_of_interest', 'store', 'establishment']",258,47.4076153,8.549924299999999,47.40896512989272,8.551274129892722,47.40626547010728,8.548574470107278,True,CG5X+2X Zürich,8FVCCG5X+2X,
OPERATIONAL,"Hofwiesenstrasse 370, 8050 Zürich, Switzerland",https://maps.gstatic.com/mapfiles/place_api/icons/v1/png_71/shopping-71.png,#4B96F3,https://maps.gstatic.com/mapfiles/place_api/icons/v2/shoppingcart_pinlet,Coop,"[{'height': 3024, 'html_attributions': ['<a href=""https://maps.google.com/maps/contrib/106032198756800921491"">Ank Kumar</a>'], 'photo_reference': 'Aap_uEBQbsYDzOuyJ1bzpKnsq4dKnMd49RFxUawdSMrsngyzDIrZa31BBHpa6m7c479Nowqkx8TMKaZNaN7jDnUYqVMrvTHi7MOGbAG_LwaYLt4vVHvP4i8JhW7cEb0toTCulFa-W9P0QyNe4SWXQnUmUPU6_vspJDZQtZj3x4mPk93VKROW', 'width': 4032}]",ChIJ1WK49PgLkEcRRjRLrDyP_qs,4.2,ChIJ1WK49PgLkEcRRjRLrDyP_qs,"['supermarket', 'grocery_or_supermarket', 'food', 'point_of_interest', 'store', 'establishment']",268,47.4111989,8.544497,47.41260297989272,8.545771479892721,47.40990332010728,8.543071820107278,True,CG6V+FQ Zürich,8FVCCG6V+FQ,
OPERATIONAL,"Sophie-Taeuber-Strasse 4, 8050 Zürich, Switzerland",https://maps.gstatic.com/mapfiles/place_api/icons/v1/png_71/shopping-71.png,#4B96F3,https://maps.gstatic.com/mapfiles/place_api/icons/v2/shoppingcart_pinlet,Coop Supermarkt Zürich Eleven,"[{'height': 1920, 'html_attributions': ['<a href=""https://maps.google.com/maps/contrib/115074945030708039410"">Ella von Vintschger</a>'], 'photo_reference': 'Aap_uEDqojvaDdmdcOSMphRZ1cIlD3ZprcVbNnX2jJog0Rmd64OcNcXECJqYGGSQ2UESSKwKCxv71c_9maS57pTi5e8WCx2HtGtsPRSr-HjCRxedeNyJtb63qXZ_AdjgdemXHz3EqLtDL7LQ93vm6Bs5EVwx1-KYRcp2eo91pISxg4kqmKFG', 'width': 1080}]",ChIJW_3Lt6mgmkcRZzq9UZyzvMs,4.3,ChIJW_3Lt6mgmkcRZzq9UZyzvMs,"['supermarket', 'grocery_or_supermarket', 'food', 'point_of_interest', 'store', 'establishment']",553,47.4131828,8.5406746,47.41463267989273,8.542394979892721,47.41193302010728,8.539695320107278,True,CG7R+77 Zürich,8FVCCG7R+77,
OPERATIONAL,"Klosbachstrasse 104, 8032 Zürich, Switzerland",https://maps.gstatic.com/mapfiles/place_api/icons/v1/png_71/shopping-71.png,#4B96F3,https://maps.gstatic.com/mapfiles/place_api/icons/v2/shoppingcart_pinlet,Coop Supermarkt Zürich Römerhof,"[{'height': 1100, 'html_attributions': ['<a href=""https://maps.google.com/maps/contrib/117321903640074192801"">Coop Zuerich Roemerhof</a>'], 'photo_reference': 'Aap_uEBBYDWYCMnG0PnqH5eAN8e8KFqqKWk7VT9rr7rZhh2dNcu7LOmu4rVtaqU5h2q-GQTGuxvzPgKKvj9mwO4cIY45Ugouspen9yYInUtDe16Rb4rIUI8zoqR2KgmtqCM9hcPBo9Z5AWxpbv2OGlS_8CrgrVFCfYLy2lmeON2_5JwBtch5', 'width': 2000}]",ChIJiXCkXrSgmkcR_p7tVPS-F-o,4.0,ChIJiXCkXrSgmkcR_p7tVPS-F-o,"['supermarket', 'grocery_or_supermarket', 'food', 'point_of_interest', 'store', 'establishment']",161,47.3678286,8.5608796,47.36923782989273,8.562162279892721,47.36653817010728,8.559462620107277,True,9H96+49 Zürich,8FVC9H96+49,
OPERATIONAL,"Witikonerstrasse 409, 8053 Zürich, Switzerland",https://maps.gstatic.com/mapfiles/place_api/icons/v1/png_71/shopping-71.png,#4B96F3,https://maps.gstatic.com/mapfiles/place_api/icons/v2/shoppingcart_pinlet,Coop Supermarkt Zürich Witikonerstrasse,"[{'height': 3024, 'html_attributions': ['<a href=""https://maps.google.com/maps/contrib/111994831545923550254"">Sergej Amelchanka</a>'], 'photo_reference': 'Aap_uEBJks2zvgpA1l8OoogB7fJ8ZbEAvm9foVLFt4cc8colgxa7_tk2NuQiIY9mB9GJo6Tw5FwZoP7M8OE1TOKN5i8cUpFCdYdEEJ-KihGHLaKzZ7ZWqfrl1cd52KAO-knNiUenO861Sl3OajWJn7evETa9d0Cj3TSTgITLdhs9ToSby4kD', 'width': 4032}]",ChIJf599CtOmmkcRWHiWHxYCYGA,4.0,ChIJf599CtOmmkcRWHiWHxYCYGA,"['supermarket', 'grocery_or_supermarket', 'food', 'point_of_interest', 'store', 'establishment']",199,47.3602256,8.5946711,47.36142627989272,8.596077979892723,47.35872662010728,8.593378320107279,True,9H6V+3V Zürich,8FVC9H6V+3V,
OPERATIONAL,"Witikonerstrasse 15, 8032 Zürich, Switzerland",https://maps.gstatic.com/mapfiles/place_api/icons/v1/png_71/shopping-71.png,#4B96F3,https://maps.gstatic.com/mapfiles/place_api/icons/v2/shoppingcart_pinlet,Coop Pronto Shop,"[{'height': 1036, 'html_attributions': ['<a href=""https://maps.google.com/maps/contrib/114536919168943318684"">Coop Zuerich Witikonerstr</a>'], 'photo_reference': 'Aap_uECPC_MMhXgOyvrL2AnUrMoAHBRu27F35zZMvryvtSYuvN7FsLDVt8tSD5TVivG3by0ekgpou-HLOps7JAXnOY-THWpy--8xo-AB-_aOa_OJ0Wz4v_z8o7qWdrnZIiC_GJb1zEy-8pBcmJkM_5zgyleQqrul2O7GwclVnHMd7BdRh68-', 'width': 1800}]",ChIJV-0RKDWnmkcReHFRQHO9q2M,4.4,ChIJV-0RKDWnmkcReHFRQHO9q2M,"['supermarket', 'grocery_or_supermarket', 'food', 'point_of_interest', 'store', 'establishment']",125,47.3639816,8.5670317,47.36532987989272,8.56828927989272,47.36263022010728,8.565589620107277,True,9H78+HR Zürich,8FVC9H78+HR,
OPERATIONAL,"Toblerstrasse 73, 8044 Zürich, Switzerland",https://maps.gstatic.com/mapfiles/place_api/icons/v1/png_71/shopping-71.png,#4B96F3,https://maps.gstatic.com/mapfiles/place_api/icons/v2/shoppingcart_pinlet,Migros Supermarkt,"[{'height': 2448, 'html_attributions': ['<a href=""https://maps.google.com/maps/contrib/101441718392895089896"">D.J. A.</a>'], 'photo_reference': 'Aap_uEAylVfRTeRDBL9Ulypq1O01Kve5QJpQF01iOXy9rtjq9TOi0J_D3GKBZhEGHRdUF8qauN0H6CWbInimf0TvwKwFGIjdI8w-MOLJgjyMMS0t7gb8tGYrno8tNQ8vneeLWwcNfvzIO3kanjDyQebvQbeJ7kJ833CpNbq-0E0g1ApnMac1', 'width': 3264}]",ChIJzwvLd7ugmkcR0PWkijPdm54,3.9,ChIJzwvLd7ugmkcR0PWkijPdm54,"['grocery_or_supermarket', 'supermarket', 'food', 'point_of_interest', 'store', 'establishment']",118,47.379307,8.559392299999999,47.38069372989273,8.56086317989272,47.37799407010728,8.558163520107277,True,9HH5+PQ Zürich,8FVC9HH5+PQ,
OPERATIONAL,"Apollostrasse 2, 8032 Zürich, Switzerland",https://maps.gstatic.com/mapfiles/place_api/icons/v1/png_71/shopping-71.png,#4B96F3,https://maps.gstatic.com/mapfiles/place_api/icons/v2/shoppingcart_pinlet,Denner Express,"[{'height': 2322, 'html_attributions': ['<a href=""https://maps.google.com/maps/contrib/103541268436778144207"">Ksenia Markainesk</a>'], 'photo_reference': 'Aap_uEAub_etG4UxKfWWlEK3Pt9REN_k0PR3Pjv0PDPSetZt0NkgozFxX_5VhrRk2leJEg0XWo0xtlLIs6FI5e5z4QSjX2BD_s9D2iG9s0E2u8E2N8rMcPoYlu2ykZ0xw-GVB27QxjwA_Gaw9fVmAMSBtL2aFi1BuVOpnJr-lazPzmITGcYe', 'width': 4128}]",ChIJs33i3EynmkcRhEO10jMrX7g,4.2,ChIJs33i3EynmkcRhEO10jMrX7g,"['supermarket', 'grocery_or_supermarket', 'food', 'point_of_interest', 'store', 'establishment']",130,47.364459,8.5556508,47.36580882989273,8.557000629892725,47.36310917010728,8.554300970107281,True,9H74+Q7 Zürich,8FVC9H74+Q7,
OPERATIONAL,"Hottingerstrasse 52, 8032 Zürich, Switzerland",https://maps.gstatic.com/mapfiles/place_api/icons/v1/png_71/shopping-71.png,#4B96F3,https://maps.gstatic.com/mapfiles/place_api/icons/v2/shoppingcart_pinlet,Denner Express,"[{'height': 2322, 'html_attributions': ['<a href=""https://maps.google.com/maps/contrib/112199336452011102022"">Marco H.</a>'], 'photo_reference': 'Aap_uEBoHOb9_fg8YTQJiQk1txzleq9xunfjIPDXTtOhQQ1Q7Vrnrbya-gBpUNNaORNXapIV4l8UW7CfqiGSjhdGTPAVM4oE-E9wKI4kDc3Nq7MBt9U7BVYxxsYoxhzjyiXiuVDY1Q5sNfJ9SxGbz8c_4MOBIyI_eijA6MgPcE8Np3vkVvG2', 'width': 4128}]",ChIJDwsmspGhmkcREbIDOCNK_OE,4.5,ChIJDwsmspGhmkcREbIDOCNK_OE,"['supermarket', 'grocery_or_supermarket', 'food', 'point_of_interest', 'store', 'establishment']",63,47.3690299,8.5558873,47.37047307989272,8.55728902989272,47.36777342010728,8.554589370107276,True,9H94+J9 Zürich,8FVC9H94+J9,
OPERATIONAL,"Forchstrasse 261, 8032 Zürich, Switzerland",https://maps.gstatic.com/mapfiles/place_api/icons/v1/png_71/shopping-71.png,#4B96F3,https://maps.gstatic.com/mapfiles/place_api/icons/v2/shoppingcart_pinlet,Denner Express,"[{'height': 1920, 'html_attributions': ['<a href=""https://maps.google.com/maps/contrib/116487761392551074752"">Ruedi Steiner-Pulimeno</a>'], 'photo_reference': 'Aap_uEAXuolLw18QZkCDmyJxi98cMkdXLjy2mVmA319rwN-vDRlN8S91ajRMUczSBvLpWjnlP-ywr_VBjDT036C-D6KcQuVDdLuPTxkBpYLQ5GQ1OLa4SyOW5IJ59NICsx8VnypG5QTMzRZAXNk7nve6O4yx-Aze1sSi9nARkWEMDzBGJkCT', 'width': 2560}]",ChIJ5XXFnjGnmkcRDBvusWEK2nQ,4.3,ChIJ5XXFnjGnmkcRDBvusWEK2nQ,"['supermarket', 'grocery_or_supermarket', 'food', 'point_of_interest', 'store', 'establishment']",145,47.3584018,8.5717007,47.35972487989272,8.57306052989272,47.35702522010727,8.570360870107276,True,9H5C+9M Zürich,8FVC9H5C+9M,
OPERATIONAL,"Toblerpl. 5, 8044 Zürich, Switzerland",https://maps.gstatic.com/mapfiles/place_api/icons/v1/png_71/shopping-71.png,#4B96F3,https://maps.gstatic.com/mapfiles/place_api/icons/v2/shoppingcart_pinlet,SPAR express Zürich Toblerplatz,"[{'height': 2448, 'html_attributions': ['<a href=""https://maps.google.com/maps/contrib/117844314370436563198"">A Google User</a>'], 'photo_reference': 'Aap_uECZwhvJi7_l6F7yJauIcEjkG0icZSo5XCpkpG9RSBAYi9FPQ7Mgwnl1uTdk_hZHcZcMMLm6qF4DFPhuoTlQHxJR5twO-Y5oRvEJH59yYL9je6numUenGtonEmkhNnSH_dtp5LGT-Vw05fmQ0stTHXq7zRenQbFkKY9mbHQQR2oUU7Vx', 'width': 3264}]",ChIJSxxYmbugmkcRgGXMY2ke_rc,4.1,ChIJSxxYmbugmkcRgGXMY2ke_rc,"['grocery_or_supermarket', 'supermarket', 'food', 'point_of_interest', 'store', 'establishment']",79,47.3790988,8.559788,47.38047902989272,8.561077529892724,47.37777937010728,8.55837787010728,True,9HH5+JW Zürich,8FVC9HH5+JW,1.0
OPERATIONAL,"Forchstrasse 180, 8125 Zollikerberg, Switzerland",https://maps.gstatic.com/mapfiles/place_api/icons/v1/png_71/shopping-71.png,#4B96F3,https://maps.gstatic.com/mapfiles/place_api/icons/v2/shoppingcart_pinlet,Coop Supermarkt Zollikerberg,"[{'height': 1100, 'html_attributions': ['<a href=""https://maps.google.com/maps/contrib/109032760428903012703"">Coop Zollikerberg</a>'], 'photo_reference': 'Aap_uECrbeHDPDSqkr5pItsjbF6bI8kC3KxJ-GgsnUgq1x7I9XO1YBrSTnnCtwFszMnChDAisMnq-Z9BB2_Gk_r9OtRCaiGC_9pLVL7P2aMXebYcylNSukVYJIjhw6z62dE9tgTS6H1SHJo9_B_TMXj_IhaumU0RzNrC5-__CQeRkv1zT-g2', 'width': 2000}]",ChIJ_frLXMOmmkcRxsJOvDmC6B8,3.9,ChIJ_frLXMOmmkcRxsJOvDmC6B8,"['supermarket', 'grocery_or_supermarket', 'food', 'point_of_interest', 'store', 'establishment']",111,47.3461095,8.601838599999999,47.34755082989271,8.60323422989272,47.34485117010727,8.600534570107277,True,8JW2+CP Zollikerberg,8FVC8JW2+CP,
OPERATIONAL,"Forchstrasse 134, 8125 Zollikerberg, Switzerland",https://maps.gstatic.com/mapfiles/place_api/icons/v1/png_71/shopping-71.png,#4B96F3,https://maps.gstatic.com/mapfiles/place_api/icons/v2/shoppingcart_pinlet,Coop Supermarkt Zollikerberg Neumünster,"[{'height': 1100, 'html_attributions': ['<a href=""https://maps.google.com/maps/contrib/102456538718801589922"">Coop Zollikerberg Neumuenster</a>'], 'photo_reference': 'Aap_uEDb2aKifuyK_wyFvQnnmel_BOnhTfjPjWe3T-Xm3yjiSwgXUk-4LdqL4KC4JD8ZjmXtNpzH2rdg-vfwckqq9ENg9WpJwGA74zvJpVl72hCTGEIA2gMjwjmFJ_z1qRzpvPEfaciPm1HukUH-vYHNY8LD9HNOy9LIKHBA6eVFO-9Hs_e0', 'width': 2000}]",ChIJFQXoQsOmmkcR0xfHZsfXyoA,4.0,ChIJFQXoQsOmmkcR0xfHZsfXyoA,"['supermarket', 'grocery_or_supermarket', 'food', 'point_of_interest', 'store', 'establishment']",138,47.3470258,8.596791699999999,47.34848717989271,8.598154979892719,47.34578752010727,8.595455320107275,True,8HWW+RP Zollikerberg,8FVC8HWW+RP,
OPERATIONAL,"Seefeldstrasse 199, 8008 Zürich, Switzerland",https://maps.gstatic.com/mapfiles/place_api/icons/v1/png_71/shopping-71.png,#4B96F3,https://maps.gstatic.com/mapfiles/place_api/icons/v2/shoppingcart_pinlet,Coop Supermarkt Zürich Tiefenbrunnen,"[{'height': 3264, 'html_attributions': ['<a href=""https://maps.google.com/maps/contrib/100820425940943197774"">Michel Jörg</a>'], 'photo_reference': 'Aap_uEC4H77uabkAwBMiYBaxb1dUqzZcaCMGcTQEbbPcvT6e2yQ86IDn2UKvPt3qjzXyhqfHsYvCDICfd4UhC8KIw9iDB5NdCOFJXrThaBXoXb9kcDmBbitTwvnbe8rm05_ZUyZXW9lI9ePQqjrDc4oaPc94CPDlipGRumlBoPAqsZlVfkvB', 'width': 1836}]",ChIJcczfo0enmkcRcVGnSsAbTPE,3.9,ChIJcczfo0enmkcRcVGnSsAbTPE,"['supermarket', 'grocery_or_supermarket', 'food', 'point_of_interest', 'store', 'establishment']",185,47.3533693,8.559115,47.35471912989272,8.560464829892721,47.35201947010728,8.557765170107277,True,9H35+8J Zürich,8FVC9H35+8J,
OPERATIONAL,"Seefeldstrasse 123, 8008 Zürich, Switzerland",https://maps.gstatic.com/mapfiles/place_api/icons/v1/png_71/shopping-71.png,#4B96F3,https://maps.gstatic.com/mapfiles/place_api/icons/v2/shoppingcart_pinlet,Coop Supermarkt Zürich Seefeld,"[{'height': 3024, 'html_attributions': ['<a href=""https://maps.google.com/maps/contrib/112513509323336764921"">Marco Papa Manzillo</a>'], 'photo_reference': 'Aap_uEAbon3bem2mil7NTLM-sY9muYbhry56Mmkr6m3SAsHn2HyYPjp6F7nu6gt81TftTqh_u_Tr0PFSGWItvRLDYgoCnKrmuMQk528piSHdioiHdPYSlT8z_82qMxgHPHtyHMlgHp3rj7pU1-uBBID_n4xtL32CFzsp4fVbDvo3jZO3xJ8X', 'width': 4032}]",ChIJdUL9H02nmkcR9sm4Ipv4OMU,4.1,ChIJdUL9H02nmkcR9sm4Ipv4OMU,"['supermarket', 'grocery_or_supermarket', 'food', 'point_of_interest', 'store', 'establishment']",422,47.3580373,8.5547665,47.35938712989272,8.556116329892724,47.35668747010728,8.55341667010728,True,9H53+6W Zürich,8FVC9H53+6W,
OPERATIONAL,"Hohlstrasse 560, 8048 Zürich, Switzerland",https://maps.gstatic.com/mapfiles/place_api/icons/v1/png_71/shopping-71.png,#4B96F3,https://maps.gstatic.com/mapfiles/place_api/icons/v2/shoppingcart_pinlet,Coop Pronto Shop,"[{'height': 1036, 'html_attributions': ['<a href=""https://maps.google.com/maps/contrib/108626306814024863076"">Coop Zuerich Hohlstrasse</a>'], 'photo_reference': 'Aap_uEC8LWjbf2dCUR28haDOKXHSARJtibs20StGi5WGwVu1AAK1MQ2zaKjF8U8M4SFBn4CFj5uQ28MEGf03ktIsmPaNLAocHF1RSKkLh5Y8mBmypcs7pJ2TSSWJeyVSYKMdhN4Pbb_3Eq8Jt4MhkcsR6plkPEnvh9oeJwBQpiknJeIHGFMr', 'width': 1800}]",ChIJQcDww7cLkEcRsYKZzJ28k90,4.1,ChIJQcDww7cLkEcRsYKZzJ28k90,"['supermarket', 'grocery_or_supermarket', 'food', 'point_of_interest', 'store', 'establishment']",317,47.3909986,8.489169,47.39221892989272,8.490570979892722,47.38951927010727,8.487871320107278,True,9FRQ+9M Zürich,8FVC9FRQ+9M,
OPERATIONAL,"Lindenpl. 6, 8048 Zürich, Switzerland",https://maps.gstatic.com/mapfiles/place_api/icons/v1/png_71/shopping-71.png,#4B96F3,https://maps.gstatic.com/mapfiles/place_api/icons/v2/shoppingcart_pinlet,Coop Supermarkt Zürich Lindenplatz,"[{'height': 1100, 'html_attributions': ['<a href=""https://maps.google.com/maps/contrib/110743088057921772990"">Coop Zuerich Lindenplatz</a>'], 'photo_reference': 'Aap_uEA35LU6toEKF_ageoDb-bbW0owHmbvLRt0D5ebVneBixiehFtOmOEBtawAF6QYkuV9k4-RtWlLxzeXOD8Q8oDNUYZwCpIFCXpzEYszHAOuYdSsrV39TfomwIwK0Tp0P2rlzk2YMbTsMagj9j60FUntss1eGi-nW0YZSl29w4NwVfbgK', 'width': 2000}]",ChIJeZIZA8kLkEcRrBtlVEevG5k,4.0,ChIJeZIZA8kLkEcRrBtlVEevG5k,"['supermarket', 'grocery_or_supermarket', 'food', 'point_of_interest', 'store', 'establishment']",272,47.3876386,8.4853846,47.38898842989272,8.48673442989272,47.38628877010727,8.484034770107277,True,9FQP+35 Zürich,8FVC9FQP+35,
OPERATIONAL,"Vulkanstrasse 108, 8048 Zürich, Switzerland",https://maps.gstatic.com/mapfiles/place_api/icons/v1/png_71/shopping-71.png,#4B96F3,https://maps.gstatic.com/mapfiles/place_api/icons/v2/shoppingcart_pinlet,Coop Supermarkt Zürich Vulkanstrasse,"[{'height': 1100, 'html_attributions': ['<a href=""https://maps.google.com/maps/contrib/100143450934471301913"">A Google User</a>'], 'photo_reference': 'Aap_uEDzkniK6abWTlLwiItCTZE4eE_HgOjntlbt4MPpluzu1X6hmlxHApPGXRBIvOrgVObFT9iyelz8kWj9NpiIlRTJDyZPQJPVsYm5YEuytDKIFgnw4KXFn0iGnjmfv_JB-rNDgSLmRPJlNsacofsP2t-K7baZ3vn8h2CDJrKpEuTRqHSU', 'width': 2000}]",ChIJhVuN5FMLkEcRFnlKkzsRQ44,4.2,ChIJhVuN5FMLkEcRFnlKkzsRQ44,"['supermarket', 'grocery_or_supermarket', 'food', 'point_of_interest', 'store', 'establishment']",45,47.3935497,8.4838483,47.39489952989272,8.485198129892721,47.39219987010728,8.482498470107277,True,9FVM+CG Zürich,8FVC9FVM+CG,
OPERATIONAL,"Am Suteracher 14, 8048 Zürich, Switzerland",https://maps.gstatic.com/mapfiles/place_api/icons/v1/png_71/shopping-71.png,#4B96F3,https://maps.gstatic.com/mapfiles/place_api/icons/v2/shoppingcart_pinlet,Coop Supermarkt Zürich Suteracher,"[{'height': 2268, 'html_attributions': ['<a href=""https://maps.google.com/maps/contrib/107743874693397647461"">A Google User</a>'], 'photo_reference': 'Aap_uEAjdUPEHX3wDBCyhEDgS6a02nTs-tVp-GueMFUCRgujhhf76c_eFBdcxNsu0w--o1G1j4CwgU3EMvzWcjdnPufHKLgHuwClF7o40H8TQl9yCXZAaUc779ege_oOE4nC9euw2znF7c_DBNhwlpa_QKy6u7ueHT4CpVPxjWruIzncsIZ8', 'width': 4032}]",ChIJ6bEo5eoLkEcRo5q89S3axQ8,4.1,ChIJ6bEo5eoLkEcRo5q89S3axQ8,"['supermarket', 'grocery_or_supermarket', 'food', 'point_of_interest', 'store', 'establishment']",135,47.389955,8.4720952,47.39115337989273,8.47333762989272,47.38845372010729,8.470637970107276,True,9FQC+XR Zürich,8FVC9FQC+XR,
OPERATIONAL,"Badenerstrasse 812, 8048 Zürich, Switzerland",https://maps.gstatic.com/mapfiles/place_api/icons/v1/png_71/shopping-71.png,#4B96F3,https://maps.gstatic.com/mapfiles/place_api/icons/v2/shoppingcart_pinlet,Coop Pronto Shop,"[{'height': 1036, 'html_attributions': ['<a href=""https://maps.google.com/maps/contrib/101686315753224678357"">A Google User</a>'], 'photo_reference': 'Aap_uEBsfcLBs5gvNHRvFhlCMqDh1KEcs6QwoWppTfRyefaZR4wkr8SDPec7q2jEaxYaEjJBP7TlpdDpERFH7cFypvto905II_0lXbGXX9uZMNA-XFbeHtFJVlFdcEBXKWjsLuBI4xkz-DYUpj-tENVD9Ow8SfmKTF_Atfv_fU118t9MOFWR', 'width': 1800}]",ChIJ2Ud27RcLkEcRfndVpo-Fkac,4.1,ChIJ2Ud27RcLkEcRfndVpo-Fkac,"['supermarket', 'grocery_or_supermarket', 'food', 'point_of_interest', 'store', 'establishment']",80,47.3933164,8.474460500000001,47.39466622989271,8.47581032989272,47.39196657010727,8.473110670107276,True,9FVF+8Q Zürich,8FVC9FVF+8Q,
OPERATIONAL,"Baslerstrasse 50, 8066 Zürich, Switzerland",https://maps.gstatic.com/mapfiles/place_api/icons/v1/png_71/shopping-71.png,#4B96F3,https://maps.gstatic.com/mapfiles/place_api/icons/v2/shopping_pinlet,Coop Bau+Hobby Zürich Letzipark,"[{'height': 1080, 'html_attributions': ['<a href=""https://maps.google.com/maps/contrib/113200936652747241126"">Salvatore Rudi</a>'], 'photo_reference': 'Aap_uECmBYgxeoEtu2VI2mfzK9c3GM5-xEL_JqbY8BW8x-7uV3MZfnxp6t0pw5P2-ZTS9p9hsqULiwjE1TvCBMhZFudke8VWBzCxU3i3afw1tZb_4HLSrodiRApkzI-dCE1heIWJc_ewMu6ySwDAqZDLqe9qwjyRXuQ6DpYHnVFxf-KaEQV0', 'width': 1920}]",ChIJ7-A0MDEKkEcRAaRifaIjC8U,3.9,ChIJ7-A0MDEKkEcRAaRifaIjC8U,"['furniture_store', 'home_goods_store', 'point_of_interest', 'store', 'establishment']",726,47.3870263,8.4996428,47.38841397989273,8.500774029892721,47.38571432010728,8.498074370107277,True,9FPX+RV Zürich,8FVC9FPX+RV,
OPERATIONAL,"Ginsterstrasse 1, 8047 Zürich, Switzerland",https://maps.gstatic.com/mapfiles/place_api/icons/v1/png_71/shopping-71.png,#4B96F3,https://maps.gstatic.com/mapfiles/place_api/icons/v2/shoppingcart_pinlet,BachserMärt Zurich Albisrieden,"[{'height': 2763, 'html_attributions': ['<a href=""https://maps.google.com/maps/contrib/112299952392810864568"">BachserMärt Zürich Albisrieden</a>'], 'photo_reference': 'Aap_uEAyCRj5nfx-UUymvCPAmIPEuW3ZCFbV52lWsurNKTmn7Y_dWnpNdkIBMVvUNA5ADucMx2hUHhJ320yHldhd-mjEVR5mrEiolUvlM44LyhiO6I7mLYee1t03CFXMkF9Ha4U42lPr0qC444eAZG0F5tWGVH2WiYV-sbi5YVV2avzA43cA', 'width': 3679}]",ChIJu7xUtCwKkEcRLbhLuxWSofk,4.5,ChIJu7xUtCwKkEcRLbhLuxWSofk,"['grocery_or_supermarket', 'food', 'point_of_interest', 'store', 'establishment']",71,47.3760704,8.494829,47.37746732989271,8.49631247989272,47.37476767010727,8.493612820107277,True,9FGV+CW Zürich,8FVC9FGV+CW,
OPERATIONAL,"Baslerstrasse 50, 8048 Zürich, Switzerland",https://maps.gstatic.com/mapfiles/place_api/icons/v1/png_71/shopping-71.png,#4B96F3,https://maps.gstatic.com/mapfiles/place_api/icons/v2/shoppingcart_pinlet,Denner Discount,"[{'height': 2448, 'html_attributions': ['<a href=""https://maps.google.com/maps/contrib/106975292163023096364"">Marcus Mokros</a>'], 'photo_reference': 'Aap_uECLvRrV8PgrCfxcHhN82NZR-b9OkCzroRuZm3NsUte1iES0ftTNjpm2HamewQBFzqr8lRYhNHg8xu0XcLb4KVo0bn7vYmoN_cRq6LDjQW8TF6yOYOF5ZJ2N2265W9lzwzndiB5fR7i8PFmeYgMVyOukmxs3qa4igDnORJD7_eLEzsXk', 'width': 2448}]",ChIJ7cqQxDQKkEcRmROfYcw7PUU,4.0,ChIJ7cqQxDQKkEcRmROfYcw7PUU,"['supermarket', 'grocery_or_supermarket', 'food', 'point_of_interest', 'store', 'establishment']",33,47.38579319999999,8.499642300000001,47.38779982989271,8.50033082989272,47.38510017010727,8.497631170107276,True,9FPX+8V Zürich,8FVC9FPX+8V,
OPERATIONAL,"Baslerstrasse 50, 8048 Zürich, Switzerland",https://maps.gstatic.com/mapfiles/place_api/icons/v1/png_71/pharmacy-71.png,#F88181,https://maps.gstatic.com/mapfiles/place_api/icons/v2/pharmacy_pinlet,Apotheke Letzipark AG,,ChIJ7cqQxDQKkEcR5u6x0zxDG04,4.5,ChIJ7cqQxDQKkEcR5u6x0zxDG04,"['pharmacy', 'health', 'point_of_interest', 'store', 'establishment']",4,47.38687600000001,8.4987795,47.38814197989272,8.499899429892722,47.38544232010727,8.497199770107278,True,9FPX+QG Zürich,8FVC9FPX+QG,
OPERATIONAL,"Baslerstrasse 50, 8066 Zürich, Switzerland",https://maps.gstatic.com/mapfiles/place_api/icons/v1/png_71/shopping-71.png,#4B96F3,https://maps.gstatic.com/mapfiles/place_api/icons/v2/shopping_pinlet,Interdiscount,"[{'height': 1080, 'html_attributions': ['<a href=""https://maps.google.com/maps/contrib/113200936652747241126"">Salvatore Rudi</a>'], 'photo_reference': 'Aap_uEAxrIvgu2xGIQtM9NlS_twlF5hOEEMCrrY3eVYZGRBSjK4WLf7jgFd8JmYJ6CZnLuUNRhr54i_oTq3ILDj-0xQ_EipAhGcYD3uSJBPe292ZcxPHmPunp1PUAx01b_9pDuNbG0AMA-GirFBstt6SPABggfVUUjtvfWPPyIFikthEyftZ', 'width': 1920}]",ChIJ7cqQxDQKkEcRsLVnmtcp9q8,4.2,ChIJ7cqQxDQKkEcRsLVnmtcp9q8,"['electronics_store', 'home_goods_store', 'point_of_interest', 'store', 'establishment']",159,47.3875633,8.4977042,47.38840122989271,8.499431529892725,47.38570157010727,8.496731870107281,True,9FQX+23 Zürich,8FVC9FQX+23,
OPERATIONAL,"Am Wasser 146, 8049 Zürich, Switzerland",https://maps.gstatic.com/mapfiles/place_api/icons/v1/png_71/gas_station-71.png,#909CE1,https://maps.gstatic.com/mapfiles/place_api/icons/v2/gas_pinlet,Coop Pronto Shop mit Tankstelle,"[{'height': 1036, 'html_attributions': ['<a href=""https://maps.google.com/maps/contrib/111312426208396301390"">Coop Zuerich Hoengg</a>'], 'photo_reference': 'Aap_uEBOViD6fFt-m7Xkx9fH1lwWSMeswscGOsV5VG1rvG_owHds6ivvd1bZ-wgkVXxAmsSlnqIAFGwwrQw4qR6x35dESMYFln_Z7Hx8vYqm7-LG3081Yz7wNHgA2dfDPZfOiexqXL5EFTbv78G7w9KXvLVyXZFtQ2eKvhDGjAPsqcbvDFoG', 'width': 1800}]",ChIJc-X3iq0LkEcRvzvTpqPE-2o,4.2,ChIJc-X3iq0LkEcRvzvTpqPE-2o,"['gas_station', 'supermarket', 'grocery_or_supermarket', 'food', 'point_of_interest', 'store', 'establishment']",186,47.399702,8.4972645,47.40105182989272,8.498614329892723,47.39835217010728,8.495914670107279,True,9FXW+VW Zürich,8FVC9FXW+VW,
OPERATIONAL,"Frankentalerstrasse 20, 8049 Zürich, Switzerland",https://maps.gstatic.com/mapfiles/place_api/icons/v1/png_71/shopping-71.png,#4B96F3,https://maps.gstatic.com/mapfiles/place_api/icons/v2/shoppingcart_pinlet,Coop Supermarket,"[{'height': 3096, 'html_attributions': ['<a href=""https://maps.google.com/maps/contrib/103777948826335712247"">Dominic Schelling</a>'], 'photo_reference': 'Aap_uECKy5OUsaLqQTPXOFe69jd_rS1R7XxXZz_BnwipKoPy4K8nntv3tF5D4akydG2L-yoHgQzGkZIbpTXWZ-PyZ4Ad2KGMW33MaC7VeTJ8QHAeQQZ8x8kSfM42oNJQwbH3IqNWzo6fLzBzDEdoQQHtS6qcAPVp_6MkX1XQ15WMsWs1y5rw', 'width': 4128}]",ChIJfVT3iKELkEcRoIeBfxOeBNY,4.3,ChIJfVT3iKELkEcRoIeBfxOeBNY,"['supermarket', 'grocery_or_supermarket', 'food', 'point_of_interest', 'store', 'establishment']",251,47.4058702,8.4814171,47.40715372989272,8.482728679892722,47.40445407010728,8.480029020107278,True,CF4J+8H Zürich,8FVCCF4J+8H,
OPERATIONAL,"Regensdorferstrasse 9, 8049 Zürich, Switzerland",https://maps.gstatic.com/mapfiles/place_api/icons/v1/png_71/shopping-71.png,#4B96F3,https://maps.gstatic.com/mapfiles/place_api/icons/v2/shoppingcart_pinlet,Coop Supermarkt Zürich Hönggermarkt,"[{'height': 1080, 'html_attributions': ['<a href=""https://maps.google.com/maps/contrib/110912437207467611127"">Alexander Ens</a>'], 'photo_reference': 'Aap_uEDu7VHoNhXHFk6JstfkHUyO2oR-vfUDCAZ3dg3l_2QxqzbMQovHvfj-VYBunrJP01Cfhxsr8KstB25Rym1IETbobMLVmhtQqulfxMjWys4SDDEKJIBnzESTALL00b-TMCa9TJ9tNJnVEb5gJ0R1TY6NNbnmY1wdZqbZQGk6YceVyZAN', 'width': 1920}]",ChIJ8WTzRqwLkEcRgLJV1RR5rFw,4.2,ChIJ8WTzRqwLkEcRgLJV1RR5rFw,"['supermarket', 'grocery_or_supermarket', 'food', 'point_of_interest', 'store', 'establishment']",278,47.4026805,8.4983802,47.40403032989272,8.499730029892723,47.40133067010728,8.497030370107279,True,CF3X+39 Zürich,8FVCCF3X+39,
OPERATIONAL,"Wolfgang-Pauli-Strasse 14, 8049 Zürich, Switzerland",https://maps.gstatic.com/mapfiles/place_api/icons/v1/png_71/shopping-71.png,#4B96F3,https://maps.gstatic.com/mapfiles/place_api/icons/v2/shoppingcart_pinlet,Coop Supermarkt Zürich ETH Hönggerberg,"[{'height': 1100, 'html_attributions': ['<a href=""https://maps.google.com/maps/contrib/118137392229820812592"">Coop Zuerich ETH Hoenggerberg</a>'], 'photo_reference': 'Aap_uEBvkuRK2kH6wb0fcY7pezUgBnh7Yj5t-D5GCWjpA5WbJQSueyEyKekPzE4A4rz_U9ed0q6vWsx8HGX9V-zCoELU3auHWYrYOiwOA8KRYFQ-HqnJCbLMCZh9SjYocsRGv8zzM5syg9B6r0h8bONfXF8O0WkFML9f8a2-NyHPhB4Fujsg', 'width': 2000}]",ChIJRw4SNB0LkEcRYhmPPYIP6qk,3.9,ChIJRw4SNB0LkEcRYhmPPYIP6qk,"['supermarket', 'grocery_or_supermarket', 'food', 'point_of_interest', 'store', 'establishment']",137,47.4083915,8.507961,47.40974647989272,8.509202479892723,47.40704682010728,8.50650282010728,True,CG55+95 Zürich,8FVCCG55+95,
OPERATIONAL,"Rütihofstrasse 15, 8049 Zürich, Switzerland",https://maps.gstatic.com/mapfiles/place_api/icons/v1/png_71/shopping-71.png,#4B96F3,https://maps.gstatic.com/mapfiles/place_api/icons/v2/shoppingcart_pinlet,Coop Supermarkt Zürich Rütihof,"[{'height': 4032, 'html_attributions': ['<a href=""https://maps.google.com/maps/contrib/115144725611450911355"">A Google User</a>'], 'photo_reference': 'Aap_uEA-AtaaPrVh2SLUh_Ct8-gZwAiXRk8LkB3T2_bVGNDySVH2xZPAcyr6Nq3GlW9Nd7XabfRu2hoqRgdKYWO7P7ijEbK-9lhzwzhu8PtrAvdxg-JtO8vsnbbSqqF0Eay7Cvh_qLQ2MjyT8UG3hoGs7dFkRfVXuPczvr1CuHJU8ZHBTW_w', 'width': 3024}]",ChIJzxVi73QLkEcRqPs8Nd-0uWU,3.7,ChIJzxVi73QLkEcRqPs8Nd-0uWU,"['supermarket', 'grocery_or_supermarket', 'food', 'point_of_interest', 'store', 'establishment']",107,47.4137347,8.4796167,47.41508452989272,8.480966529892722,47.41238487010728,8.478266870107278,True,CF7H+FR Zürich,8FVCCF7H+FR,
OPERATIONAL,"Vladimir-Prelog-Weg 10, 8049 Zürich, Switzerland",https://maps.gstatic.com/mapfiles/place_api/icons/v1/png_71/restaurant-71.png,#FF9E67,https://maps.gstatic.com/mapfiles/place_api/icons/v2/restaurant_pinlet,Coop ToGo Zürich ETH Fusion,,ChIJL2dRhlUKkEcRh0dxKRUsP6Q,3.5,ChIJL2dRhlUKkEcRh0dxKRUsP6Q,"['meal_takeaway', 'restaurant', 'food', 'point_of_interest', 'establishment']",2,47.4077416,8.50781,47.40897342989272,8.508744479892721,47.40627377010728,8.506044820107277,True,CG55+34 Zürich,8FVCCG55+34,
OPERATIONAL,"Wehntalerstrasse 549, 8046 Zürich, Switzerland",https://maps.gstatic.com/mapfiles/place_api/icons/v1/png_71/shopping-71.png,#4B96F3,https://maps.gstatic.com/mapfiles/place_api/icons/v2/shoppingcart_pinlet,Coop Supermarkt Zürich Wehntalerstrasse,"[{'height': 3024, 'html_attributions': ['<a href=""https://maps.google.com/maps/contrib/100082285357939411115"">Gleb Ebert</a>'], 'photo_reference': 'Aap_uEC_TeaOUKd1mTKR9T2wWbeOrfzIOifk7EK6izsmGmU1_UKLNcRgD_VrVOlFGkqUyMn6-d53w0fGAIbuPYdJRJIZD-GJZ4VebphO5n5HqgcQCZLzKePAzFkAcEy1dbOnwe-jPD12AIHh__ZXtqUZ9YrZYR6y3hq86FHhqQJMhi4xqe7o', 'width': 4032}]",ChIJRw4SNB0LkEcRExd1P9a5qdo,4.0,ChIJRw4SNB0LkEcRExd1P9a5qdo,"['supermarket', 'grocery_or_supermarket', 'food', 'point_of_interest', 'store', 'establishment']",200,47.418887,8.5055923,47.42042582989271,8.507092179892723,47.41772617010727,8.50439252010728,True,CG94+H6 Zürich,8FVCCG94+H6,
OPERATIONAL,"Mühlackerstrasse 199, 8046 Zürich, Switzerland",https://maps.gstatic.com/mapfiles/place_api/icons/v1/png_71/shopping-71.png,#4B96F3,https://maps.gstatic.com/mapfiles/place_api/icons/v2/shoppingcart_pinlet,Coop Supermarkt Zürich Mühlackerstrasse,"[{'height': 720, 'html_attributions': ['<a href=""https://maps.google.com/maps/contrib/110221221112978530977"">Szilveszter Onhausz</a>'], 'photo_reference': 'Aap_uECOG9_SvaAjE_wGan68KiiUC4E6_6P9CzsuaMuKT8czyyxQ9FaSmTITDN3TKuIC_8HWz9U_27YJgSiBMgMPJBssQ1WLv79LkZrwVuqhaGNCmQqzI7VPFL9OBsfgzpyR8FutnIN8cJzI-xfJ29AejYvHjRvqYRne6ko7TbMFsYa2-QG8', 'width': 1280}]",ChIJRw4SNB0LkEcRWPYV38w7oL8,4.2,ChIJRw4SNB0LkEcRWPYV38w7oL8,"['supermarket', 'grocery_or_supermarket', 'food', 'point_of_interest', 'store', 'establishment']",212,47.4255113,8.4969846,47.42686112989272,8.49833442989272,47.42416147010728,8.495634770107277,True,CFGW+6Q Zürich,8FVCCFGW+6Q,
OPERATIONAL,"Andreasstrasse 5, 8050 Zürich, Switzerland",https://maps.gstatic.com/mapfiles/place_api/icons/v1/png_71/shopping-71.png,#4B96F3,https://maps.gstatic.com/mapfiles/place_api/icons/v2/shoppingcart_pinlet,Coop Supermarkt Zürich Andreasturm,"[{'height': 3648, 'html_attributions': ['<a href=""https://maps.google.com/maps/contrib/111363506173296195158"">Micha Baumgartner</a>'], 'photo_reference': 'Aap_uEBhWMNhzhQ3mV1uB_Xus5XOhvGwbM-2cbt-1B_ZbvBUhNq0Ml5_kEattkhu7YgTaLUPEmqLO30PAZsQXlaONPmiMWhsMrH18AP27cFJoaP36qqxy2vcEoQyyw5hxc9ofu1BJXYeah-GE-Ch3syH5EvwFwTjKLUTTNAQ-io7EZERxM82', 'width': 2736}]",ChIJIbLL9VYLkEcRbWHefo1OQxw,4.3,ChIJIbLL9VYLkEcRbWHefo1OQxw,"['supermarket', 'grocery_or_supermarket', 'food', 'point_of_interest', 'store', 'establishment']",102,47.41290499999999,8.5473555,47.41407642989272,8.54823877989272,47.41137677010727,8.545539120107277,True,CG7W+5W Zürich,8FVCCG7W+5W,
OPERATIONAL,"Schwellistrasse 69, 8052 Zürich, Switzerland",https://maps.gstatic.com/mapfiles/place_api/icons/v1/png_71/shopping-71.png,#4B96F3,https://maps.gstatic.com/mapfiles/place_api/icons/v2/shoppingcart_pinlet,Coop Supermarkt Zürich Schwellistrasse,"[{'height': 1100, 'html_attributions': ['<a href=""https://maps.google.com/maps/contrib/106649947039878950429"">Coop Zuerich Schwellistrasse</a>'], 'photo_reference': 'Aap_uEAVPW96OPvOoZeyqf-rb8m520ESvJRk_gDJ_5CbkHXAGueeSH84s9Yiyy0Qds2dIskHObv1e1WYBEaK7DkFss7I2i-djJ4Kq6o9hxXYlKCx9BNDpUgZe9_bLOGgQZrEXrE3ziynZArh1D8qaELY4n8ZxklCB2m9XjWB5SMbu5WAxx3H', 'width': 2000}]",ChIJReNzlpUKkEcRZGI02kTFB4Q,4.2,ChIJReNzlpUKkEcRZGI02kTFB4Q,"['supermarket', 'grocery_or_supermarket', 'food', 'point_of_interest', 'store', 'establishment']",147,47.4248944,8.537754,47.42632412989272,8.539044629892723,47.42362447010728,8.53634497010728,True,CGFQ+X4 Zürich,8FVCCGFQ+X4,
OPERATIONAL,"Schaffhauserstrasse 499, 8052 Zürich, Switzerland",https://maps.gstatic.com/mapfiles/place_api/icons/v1/png_71/shopping-71.png,#4B96F3,https://maps.gstatic.com/mapfiles/place_api/icons/v2/shoppingcart_pinlet,Coop Pronto Shop,"[{'height': 2268, 'html_attributions': ['<a href=""https://maps.google.com/maps/contrib/113333841675066939006"">Rayko Nenchev</a>'], 'photo_reference': 'Aap_uECAh-g9ckrtzkvt-KgLhTHgYLwcgpy6b0TAT1rsdFjINoTkfSZx6cy2fgjrfv65TKFrIKzKEtsCP-wnm_XzWeheMgV0lLbNzOCsz9TKfqWHdnXN4o5iySh28VZ4meUipUaVuHFEYO-r6fm47BkL34JoAuWRJrBT0Jk-XytFjsUF55aG', 'width': 4032}]",ChIJ9VO6QJkKkEcR9pbYaUy0dJQ,4.4,ChIJ9VO6QJkKkEcR9pbYaUy0dJQ,"['supermarket', 'grocery_or_supermarket', 'food', 'point_of_interest', 'store', 'establishment']",181,47.4214355,8.5497151,47.42273047989273,8.55112627989272,47.42003082010729,8.548426620107277,True,CGCX+HV Zürich,8FVCCGCX+HV,
OPERATIONAL,"Wallisellenstrasse 1, 8050 Zürich, Switzerland",https://maps.gstatic.com/mapfiles/place_api/icons/v1/png_71/shopping-71.png,#4B96F3,https://maps.gstatic.com/mapfiles/place_api/icons/v2/shopping_pinlet,Coop City Zürich Oerlikon Food,"[{'height': 1080, 'html_attributions': ['<a href=""https://maps.google.com/maps/contrib/103280830167875442179"">Meliz Altinay</a>'], 'photo_reference': 'Aap_uEDwpDItNSTj3xOHRnkKRVNHOrR4DP7DuFihggRW_rlDU_olXRskM6xANsuIhKwYYUAafSYn8Xj9EsmHGxdsJWB6RC0Lb2MQvNXL46Mhsq4XS-4eIKRmZ68q7uRc3DF_3O2YnsrhzHiXjQg36WMKS4TnopiBu9959xasrhRgUaQxJ3T2', 'width': 1920}]",ChIJB1QWpoYKkEcRgWviq2UyNOk,4.2,ChIJB1QWpoYKkEcRgWviq2UyNOk,"['department_store', 'point_of_interest', 'store', 'establishment']",952,47.4103751,8.5466839,47.41162012989273,8.547767029892722,47.40892047010728,8.545067370107278,True,CG6W+5M Zürich,8FVCCG6W+5M,
OPERATIONAL,"Sophie-Taeuber-Strasse 4, 8050 Zürich, Switzerland",https://maps.gstatic.com/mapfiles/place_api/icons/v1/png_71/shopping-71.png,#4B96F3,https://maps.gstatic.com/mapfiles/place_api/icons/v2/shopping_pinlet,Coop Bau+Hobby Zürich Oerlikon Eleven,"[{'height': 2448, 'html_attributions': ['<a href=""https://maps.google.com/maps/contrib/106975292163023096364"">Marcus Mokros</a>'], 'photo_reference': 'Aap_uECszb4m2PcSmESqdcU-503Wuw41gZe_Q8HdX5BmSYKCn6ZQLAeLnhJzOrh80GdM2NZrOnQo81aA6-y8gBVlKr8S-sHojmYsMOX0iosIR6W_ZRc35RLBILB1drs9G5ill-x2LdUKU9CtTyCg3u3ZhSrgnWYL60ZC17al4MVrjG1ePYhT', 'width': 2448}]",ChIJqfF-Eo8KkEcREb52B1p41AE,4.1,ChIJqfF-Eo8KkEcREb52B1p41AE,"['furniture_store', 'home_goods_store', 'point_of_interest', 'store', 'establishment']",989,47.4130115,8.540592199999999,47.41454702989272,8.54235517989272,47.41184737010727,8.539655520107276,True,CG7R+66 Zürich,8FVCCG7R+66,
OPERATIONAL,"Thurgauerstrasse 36, 8050 Zürich, Switzerland",https://maps.gstatic.com/mapfiles/place_api/icons/v1/png_71/shopping-71.png,#4B96F3,https://maps.gstatic.com/mapfiles/place_api/icons/v2/shoppingcart_pinlet,Coop Pronto Shop,"[{'height': 1036, 'html_attributions': ['<a href=""https://maps.google.com/maps/contrib/103203018730783354413"">MainTower Zürich</a>'], 'photo_reference': 'Aap_uEBBokdwD7VJT3NnOTkYryTys1qBBQybseHIHKgMFrM8h7BMiwKYG9l6MTiIE1ye21hjkvLroNjht4CwYZ7WFCsO88Oqh1b82vv4KYzRk-d6U2fBT5rrof9t1zp9QXpC9SHS1PLO7crQis6KxzdH6lE90GHRgzVjQx4O_xAX2wAtW8nW', 'width': 1800}]",ChIJuXsw4IIKkEcRBGWM58VaAdQ,4.2,ChIJuXsw4IIKkEcRBGWM58VaAdQ,"['supermarket', 'grocery_or_supermarket', 'food', 'point_of_interest', 'store', 'establishment']",98,47.4138904,8.5514837,47.41524022989272,8.552833529892723,47.41254057010728,8.55013387010728,True,CH72+HH Zürich,8FVCCH72+HH,
OPERATIONAL,"Sophie-Taeuber-Strasse 4, 8050 Zürich, Switzerland",https://maps.gstatic.com/mapfiles/place_api/icons/v1/png_71/pharmacy-71.png,#F88181,https://maps.gstatic.com/mapfiles/place_api/icons/v2/pharmacy_pinlet,Coop Vitality Oerlikon,"[{'height': 3024, 'html_attributions': ['<a href=""https://maps.google.com/maps/contrib/109456292964978827995"">Patrick Hediger</a>'], 'photo_reference': 'Aap_uEAMw01AT-IM1b1-CBuUMJW61aiMUkoqjAB80h3Ewe0kz-_iVEEX3yiXnZS-T-N-2ZfUXybaYyukOfVwTXAn65wQQs5cvUhMyQj8cjkDof1a2EHMMIxG4vCul11i8Jq907cfBTdLAbuvImuMALQ-sVVF2Hj5U9eO2WEV-zKwa7IIbova', 'width': 4032}]",ChIJk3synY8KkEcROaLTf-UQbOI,3.3,ChIJk3synY8KkEcROaLTf-UQbOI,"['pharmacy', 'health', 'point_of_interest', 'store', 'establishment']",16,47.4130115,8.540592199999999,47.41454702989272,8.54235517989272,47.41184737010727,8.539655520107276,True,CG7R+66 Zürich,8FVCCG7R+66,
OPERATIONAL,"Wallisellenstrasse 333, 8050 Zürich, Switzerland",https://maps.gstatic.com/mapfiles/place_api/icons/v1/png_71/shopping-71.png,#4B96F3,https://maps.gstatic.com/mapfiles/place_api/icons/v2/shoppingcart_pinlet,Coop Supermarkt Zürich Precisa,"[{'height': 1100, 'html_attributions': ['<a href=""https://maps.google.com/maps/contrib/101511327987462700350"">Coop Zuerich Precisa</a>'], 'photo_reference': 'Aap_uEAOViazfloKf9AUwHTZ6ZBzRjol5fpr0MGdm2r2E9JocDnihYZS39OBliGx83RudIYwuwYjBnYqdB02GXra0ncqW4MAkRe7Q1Mww33xusG5h2bzW90FGDhoVAIwPVX4v_vmR37oFiJw8JmfCnvzUq3vbfyPwsf-Or9cxJmq_P9nRkiH', 'width': 2000}]",ChIJ91SLpnugmkcRpZoFHIFAWyY,4.1,ChIJ91SLpnugmkcRpZoFHIFAWyY,"['supermarket', 'grocery_or_supermarket', 'food', 'point_of_interest', 'store', 'establishment']",279,47.4113768,8.562585,47.41271992989272,8.56371372989272,47.41002027010727,8.561014070107277,True,CH67+H2 Zürich,8FVCCH67+H2,
OPERATIONAL,"Therese-Giehse-Strasse 11, 8050 Zürich, Switzerland",https://maps.gstatic.com/mapfiles/place_api/icons/v1/png_71/shopping-71.png,#4B96F3,https://maps.gstatic.com/mapfiles/place_api/icons/v2/shopping_pinlet,Center Eleven,"[{'height': 2592, 'html_attributions': ['<a href=""https://maps.google.com/maps/contrib/100568137992578994520"">Jacqueline von Burg</a>'], 'photo_reference': 'Aap_uEB3wacnk-PoeJWsx9W3zeVS7z_NiCJEZwk-65Pu1rtOLWDwZ6Ts61LEPOvWX9hd13SjpXpUg5Ho3wdmwwsxy9MYKj8QlU9M73wNV-Vco1hasxf4ORJnrQSkJxOfDbmmPYdhZdvKbrnYnnHtBMEF5J6gbehjH-ePzdLxnRqxTmsXBPV1', 'width': 4608}]",ChIJqfF-Eo8KkEcRSTjYdOKODHk,4.2,ChIJqfF-Eo8KkEcRSTjYdOKODHk,"['shopping_mall', 'point_of_interest', 'establishment']",692,47.4138792,8.5411191,47.41498087989272,8.542659429892721,47.41228122010728,8.539959770107277,True,CG7R+HC Zürich,8FVCCG7R+HC,
OPERATIONAL,"Boulevard Lilienthal 20, 8152 Opfikon, Switzerland",https://maps.gstatic.com/mapfiles/place_api/icons/v1/png_71/shopping-71.png,#4B96F3,https://maps.gstatic.com/mapfiles/place_api/icons/v2/shoppingcart_pinlet,Coop Supermarkt Opfikon Lindbergh-Allee,"[{'height': 2976, 'html_attributions': ['<a href=""https://maps.google.com/maps/contrib/100391233362818824013"">Sourav Ray</a>'], 'photo_reference': 'Aap_uEDxYYVuIYbfdmK5YipBQLb9NbQI7wW1loJ9y177fT8q-08IIsF6b58CCU6q2M5rDGlG-SweZSrUjTmsMqvUslSLbmzjKgobWSAwD9oi0MgiO4PwOVBLHLZZZQ8i7ykdL30fURB8tZglvhU3Kv0bnUl87spU_FZwImEBtJ9y11z83VgM', 'width': 3968}]",ChIJZfcgyXSgmkcRZmwCz57a9lk,4.2,ChIJZfcgyXSgmkcRZmwCz57a9lk,"['supermarket', 'grocery_or_supermarket', 'food', 'point_of_interest', 'store', 'establishment']",371,47.4236087,8.5612035,47.42519472989272,8.56201372989272,47.42249507010727,8.559314070107277,True,CHF6+CF Opfikon,8FVCCHF6+CF,
OPERATIONAL,"Schaffhauserstrasse 389, 8050 Zürich, Switzerland",https://maps.gstatic.com/mapfiles/place_api/icons/v1/png_71/restaurant-71.png,#FF9E67,https://maps.gstatic.com/mapfiles/place_api/icons/v2/restaurant_pinlet,Coop ToGo Zürich Oerlikon Bhf,"[{'height': 5472, 'html_attributions': ['<a href=""https://maps.google.com/maps/contrib/109483997556381429641"">Michael Schmid</a>'], 'photo_reference': 'Aap_uEDNbEC1A4Td07dyk75kYvf7_HhdhPeSqJY9D2m6lCojoxlHH1kRIMmMh2nP_NCRC5yhLMbGFKjs6jwm6ML2VqYmX82Rore7R6vUqvo6Zd8H86n7s5SvupRLi5wP6fDd7oQHebuRVlN0YGN_wO5k3gnij45ZHwKesCEgFBi5crmF1Wkq', 'width': 7296}]",ChIJR-z6t4UKkEcR9LzSaPVDDbo,3.7,ChIJR-z6t4UKkEcR9LzSaPVDDbo,"['meal_takeaway', 'restaurant', 'food', 'point_of_interest', 'establishment']",42,47.412451,8.5454467,47.41389432989271,8.54725007989272,47.41119467010727,8.544550420107276,True,CG6W+X5 Zürich,8FVCCG6W+X5,
OPERATIONAL,"Sophie-Taeuber-Strasse 4, 8050 Zürich, Switzerland",https://maps.gstatic.com/mapfiles/place_api/icons/v1/png_71/shopping-71.png,#4B96F3,https://maps.gstatic.com/mapfiles/place_api/icons/v2/shopping_pinlet,Interdiscount Zürich Eleven,"[{'height': 2048, 'html_attributions': ['<a href=""https://maps.google.com/maps/contrib/117790477556935965188"">Nathalie Buchaillot</a>'], 'photo_reference': 'Aap_uEBoLeVz9HjclWsTEc-8Ege6ufKeTZc4tfYrCOOtYWwPSFzRd3-7MJ63foPJKXVVQwRiT3XtisBEACkw_j0jxwqPs_UxkQMrV9CAmX_5IzWOl-JiFc6_pVAqzHuQ_Z9FH6xSePJ5ZZXfS7-es-VMRva4KXUMRmUEP_Z0BAuKjtz3qZmj', 'width': 1536}]",ChIJh_V68oYKkEcRZLAbA3K6a0U,4.3,ChIJh_V68oYKkEcRZLAbA3K6a0U,"['electronics_store', 'home_goods_store', 'point_of_interest', 'store', 'establishment']",121,47.4131828,8.5406746,47.41463267989273,8.542394979892721,47.41193302010728,8.539695320107278,True,CG7R+77 Zürich,8FVCCG7R+77,
OPERATIONAL,"Saatlenstrasse 12, 8051 Zürich, Switzerland",https://maps.gstatic.com/mapfiles/place_api/icons/v1/png_71/shopping-71.png,#4B96F3,https://maps.gstatic.com/mapfiles/place_api/icons/v2/shoppingcart_pinlet,Coop Supermarkt Zürich Schwamendingen,"[{'height': 3120, 'html_attributions': ['<a href=""https://maps.google.com/maps/contrib/103308237095143307215"">Alexander Malafeev</a>'], 'photo_reference': 'Aap_uEB2q95vIpjIRcJCqyZpnxc7Crl-PXkhtmcnv63vaGElfHNlnq3rLZ865TMv0WikD0OKXGqioQUzLH3sxmKD2zWJctVNpQOR_xGNkaffrP6aWjB1IdMODS9OpAJDYz2pbblaX3slEg32opkhOw_kymUpNEfwvaR3AOE9-NqQr7woePbJ', 'width': 4160}]",ChIJ-0XXwWGgmkcRUk9DeQ9cDqo,3.9,ChIJ-0XXwWGgmkcRUk9DeQ9cDqo,"['supermarket', 'grocery_or_supermarket', 'food', 'point_of_interest', 'store', 'establishment']",554,47.4049188,8.5716678,47.40619142989273,8.572915029892723,47.40349177010728,8.57021537010728,True,CH3C+XM Zürich,8FVCCH3C+XM,
OPERATIONAL,"Hirzenbachstrasse 40, 8051 Zürich, Switzerland",https://maps.gstatic.com/mapfiles/place_api/icons/v1/png_71/shopping-71.png,#4B96F3,https://maps.gstatic.com/mapfiles/place_api/icons/v2/shoppingcart_pinlet,Coop Supermarkt Zürich Hirzenbachstrasse,"[{'height': 1100, 'html_attributions': ['<a href=""https://maps.google.com/maps/contrib/117957007512683077569"">Coop Zuerich Hirzenbachstrasse</a>'], 'photo_reference': 'Aap_uEANae4dY7sCzZu0Ne2Sof9-Mbc-E2RQS7UC6sDeyEOAMgNe84BQeVIuIQHhs8yW7M-jKPlCUjKTQgQRcYPSpO8XpJwvDQ3hvC6yg4rDaQ9wPvoAIoncVVF2xrkWgGEZw7RykGbKaRW7-xPPm9GXmRfGkCriLJmfwFg3f04Sg6OA48-T', 'width': 2000}]",ChIJFZ5x7FegmkcRGLDfm8BTZlw,3.7,ChIJFZ5x7FegmkcRGLDfm8BTZlw,"['supermarket', 'grocery_or_supermarket', 'food', 'point_of_interest', 'store', 'establishment']",222,47.4034853,8.58933,47.40463147989272,8.590683279892723,47.40193182010728,8.587983620107279,True,CH3Q+9P Zürich,8FVCCH3Q+9P,
OPERATIONAL,"Dübendorfstrasse 447, 8051 Zürich, Switzerland",https://maps.gstatic.com/mapfiles/place_api/icons/v1/png_71/shopping-71.png,#4B96F3,https://maps.gstatic.com/mapfiles/place_api/icons/v2/shoppingcart_pinlet,Coop Pronto Shop,"[{'height': 1036, 'html_attributions': ['<a href=""https://maps.google.com/maps/contrib/115630516722860531002"">Coop Zuerich-Stettbach</a>'], 'photo_reference': 'Aap_uECPQJXSVAW-IsMNqOLX_VXtMX0wbmpUUpQT19AqZY99FHS-2w_wWzx-7QShJKhj7Aj7vkC02v6jqLNLtlzNjXIUgzA5I2V2VnZZjAfSugZkYEJSuZ-70vggQEcZv4BXa1zqSNBoYjjPTzj3a4WBMyfx_HcIuZwBfAJnOCY5TP9Kbbx5', 'width': 1800}]",ChIJHfeTnP6gmkcRybLRujGHF8g,4.1,ChIJHfeTnP6gmkcRybLRujGHF8g,"['supermarket', 'grocery_or_supermarket', 'food', 'point_of_interest', 'store', 'establishment']",488,47.3972115,8.5963125,47.39817927989272,8.597698279892722,47.39547962010728,8.594998620107278,True,9HWW+VG Zürich,8FVC9HWW+VG,
