,Unnamed: 0,business_status,formatted_address,icon,icon_background_color,icon_mask_base_uri,name,photos,place_id,rating,reference,types,user_ratings_total,geometry.location.lat,geometry.location.lng,geometry.viewport.northeast.lat,geometry.viewport.northeast.lng,geometry.viewport.southwest.lat,geometry.viewport.southwest.lng,opening_hours.open_now,plus_code.compound_code,plus_code.global_code,permanently_closed,price_level
0,0.0,OPERATIONAL,"Badenerstrasse 376, 8004 Zürich, Switzerland",https://maps.gstatic.com/mapfiles/place_api/icons/v1/png_71/shopping-71.png,#4B96F3,https://maps.gstatic.com/mapfiles/place_api/icons/v2/shoppingcart_pinlet,Migros Supermarkt,"[{'height': 3036, 'html_attributions': ['<a href=""https://maps.google.com/maps/contrib/118320709022344298780"">Felder Ruedi</a>'], 'photo_reference': 'Aap_uEDBnr9UNYMnAe5-fx4MyKo36uvdrF32DBiES3zwIOHsrbkXN5k4DgmqW_1yQtfX18anJ9Cx_e1FLToC2lCU6TQQUEjOkDmVO1P5kF7tNdVgNSLHrFU2IDPZVIqp4l_Tc39ROXbraBHNmi0bsfqRTlFdo_i_PhQVR_IBzhTJbj0I2hhz', 'width': 4048}]",ChIJP2csREgKkEcRBKI93d184H0,4.1,ChIJP2csREgKkEcRBKI93d184H0,"['grocery_or_supermarket', 'supermarket', 'food', 'point_of_interest', 'store', 'establishment']",450,47.3791051,8.5087542,47.38042502989272,8.510100079892721,47.37772537010728,8.507400420107277,True,9GH5+JG Zürich,8FVC9GH5+JG,,
1,1.0,OPERATIONAL,"Wengistrasse 7, 8004 Zürich, Switzerland",https://maps.gstatic.com/mapfiles/place_api/icons/v1/png_71/shopping-71.png,#4B96F3,https://maps.gstatic.com/mapfiles/place_api/icons/v2/shoppingcart_pinlet,Migros Supermarkt,"[{'height': 2448, 'html_attributions': ['<a href=""https://maps.google.com/maps/contrib/118035695877550048458"">Philippe Kehl</a>'], 'photo_reference': 'Aap_uEAebspbaWz1ur0FJDoWPWBSnM2tQcOgHOfp74dDk-a-Y1jkP2pJkfD2DUXjHNx5yffkT0PSCmS6mWKf2seR8quC5jFKiP0pAJEBIfnbmv3I32e5T5vvsMQre7-cFiSJ8TVCd-NsCyZasskdDaCZqQdsMUtU3C2rYP3EyZ_-zFzxFW5H', 'width': 3264}]",ChIJ3_pzcxkKkEcRcqDQcszcT6Y,4.2,ChIJ3_pzcxkKkEcRcqDQcszcT6Y,"['grocery_or_supermarket', 'supermarket', 'food', 'point_of_interest', 'store', 'establishment']",465,47.374944,8.523068,47.37638112989272,8.52443992989272,47.37368147010728,8.521740270107276,True,9GFF+X6 Zürich,8FVC9GFF+X6,,
2,2.0,OPERATIONAL,"Birmensdorferstrasse 320, 8055 Zürich, Switzerland",https://maps.gstatic.com/mapfiles/place_api/icons/v1/png_71/shopping-71.png,#4B96F3,https://maps.gstatic.com/mapfiles/place_api/icons/v2/shoppingcart_pinlet,Migros Supermarkt,"[{'height': 2976, 'html_attributions': ['<a href=""https://maps.google.com/maps/contrib/117804425570490976472"">A Google User</a>'], 'photo_reference': 'Aap_uEDVb2ep0aXle526tnhOQS73HRtZ8LP5qrgzyBCA_vfZ2GuCeY3sTYQ4pqLMBQAPmAgiZBq4UEsZYuIgebMfPKKMvWcXUC2jXjN82JRECl0hz9iTAHN8v5smk2AmB9KPOhOj8UzH2SZPItxRE1NdGApwj_iQ7EYQINB-9Ghjg3mc1NkB', 'width': 3968}]",ChIJlyh8cScKkEcRY3M2wmnjbVI,4.3,ChIJlyh8cScKkEcRY3M2wmnjbVI,"['grocery_or_supermarket', 'supermarket', 'food', 'point_of_interest', 'store', 'establishment']",495,47.3699559,8.508720799999999,47.37124457989272,8.510165729892721,47.36854492010728,8.507466070107277,True,9G95+XF Zürich,8FVC9G95+XF,,
3,3.0,OPERATIONAL,"Hardturmstrasse 11, 8005 Zürich, Switzerland",https://maps.gstatic.com/mapfiles/place_api/icons/v1/png_71/shopping-71.png,#4B96F3,https://maps.gstatic.com/mapfiles/place_api/icons/v2/shoppingcart_pinlet,Migros Supermarkt,"[{'height': 2976, 'html_attributions': ['<a href=""https://maps.google.com/maps/contrib/103078599092779880596"">Stephan Winter</a>'], 'photo_reference': 'Aap_uEAPKregWfcXg7SO6AwY_B1mXUIpWN8qKkelWHMuVqILrSP7-2aXiKOU_3w9rj86FiVZn86Kz_Eu-7wn-NgtcV2T82_XearXI-eVsEkMKBr_klwpPss5yr8mQpURJkli0MChJUhPSIGypFcf9YQFg3KCoq00kTvHc2UTRd0xWj5j-BW0', 'width': 3968}]",ChIJP2csREgKkEcRi_XFDJQZXFw,4.3,ChIJP2csREgKkEcRi_XFDJQZXFw,"['grocery_or_supermarket', 'supermarket', 'food', 'point_of_interest', 'store', 'establishment']",225,47.391336,8.518552999999999,47.39294147989271,8.519764129892721,47.39024182010727,8.517064470107277,True,9GR9+GC Zürich,8FVC9GR9+GC,,
4,4.0,OPERATIONAL,"Pfingstweidstrasse 101, 8005 Zürich, Switzerland",https://maps.gstatic.com/mapfiles/place_api/icons/v1/png_71/shopping-71.png,#4B96F3,https://maps.gstatic.com/mapfiles/place_api/icons/v2/shoppingcart_pinlet,Migros-Supermarkt,"[{'height': 3648, 'html_attributions': ['<a href=""https://maps.google.com/maps/contrib/107165505763458875532"">Claudia Sabine Meier</a>'], 'photo_reference': 'Aap_uEAE0f_vaBxLMgg9wjT1169AoP_TLcF36ttj2kflXzhrDisNnZawrzHIccveSZ5_kc8mEzLMsdo3NzBTtOjX7UX17pjYfJ2HsmO-8kJBzGvk6iAw3FeyXxkhb45Em9Q5gd5qnOmTpnbVw_8NNjzGLYYekm56yv3bg5rN4JxNrCBHfy67', 'width': 1824}]",ChIJP2csREgKkEcRSAGtX2mbhGM,4.2,ChIJP2csREgKkEcRSAGtX2mbhGM,"['grocery_or_supermarket', 'supermarket', 'food', 'point_of_interest', 'store', 'establishment']",215,47.3902225,8.508951999999999,47.39167557989271,8.51036957989272,47.38897592010727,8.507669920107276,True,9GR5+3H Zürich,8FVC9GR5+3H,,
5,5.0,OPERATIONAL,"Birmensdorferstrasse 140, 8003 Zürich, Switzerland",https://maps.gstatic.com/mapfiles/place_api/icons/v1/png_71/shopping-71.png,#4B96F3,https://maps.gstatic.com/mapfiles/place_api/icons/v2/shoppingcart_pinlet,Migros Supermarkt,"[{'height': 3096, 'html_attributions': ['<a href=""https://maps.google.com/maps/contrib/109901330234441306333"">Josep Aguilera Estrada</a>'], 'photo_reference': 'Aap_uEAR9APVAa5CiGHPXKqVrd_8UDkkhoHzlXgiJqdaT-jQqP4I8RxOrXqOUVV5I0hYoI9VW7UCqI6io1hFxt4DTbr4XL23kofL8PvYyo-MmZwqE2XlUbhe3Z-iw1Toq4_Ut5rmqVhTmQlupKE4UMfwMgy2zLDue8i_6PF5pJVWOz8n8Cgv', 'width': 4128}]",ChIJfSSTTR4KkEcRF7QYJUbjEPU,4.2,ChIJfSSTTR4KkEcRF7QYJUbjEPU,"['grocery_or_supermarket', 'supermarket', 'food', 'point_of_interest', 'store', 'establishment']",600,47.3700773,8.520128399999999,47.37139032989272,8.52139712989272,47.36869067010728,8.518697470107275,True,9GCC+23 Zürich,8FVC9GCC+23,,
6,6.0,OPERATIONAL,"Limmatstrasse 152, 8005 Zürich, Switzerland",https://maps.gstatic.com/mapfiles/place_api/icons/v1/png_71/shopping-71.png,#4B96F3,https://maps.gstatic.com/mapfiles/place_api/icons/v2/shoppingcart_pinlet,Migros Supermarkt,"[{'height': 1005, 'html_attributions': ['<a href=""https://maps.google.com/maps/contrib/106269278122077725613"">Dominik F</a>'], 'photo_reference': 'Aap_uEDtBL8Hppn2ey3l2rAu02K83oqoDPJNFLbstOkdzjhOTU-6BrxK8lXy90LiwT6-3kgDK05zY4IVD3-Zm1nJj7RPeoLTS1GmtdUAvtQDh6Q2A3Rd_AjORXAileoltylkzfjUDUgUI_mf1boAGT3NwRHGGeq6Usthhkvz_T9rz4HoVz9X', 'width': 2000}]",ChIJS6CT8QgKkEcRVC558wYywsQ,4.4,ChIJS6CT8QgKkEcRVC558wYywsQ,"['grocery_or_supermarket', 'supermarket', 'food', 'point_of_interest', 'store', 'establishment']",1561,47.38546299999999,8.531409199999999,47.38681282989272,8.532759029892718,47.38411317010728,8.530059370107274,True,9GPJ+5H Zürich,8FVC9GPJ+5H,,
7,7.0,OPERATIONAL,"Albisriederstrasse 365, 8047 Zürich, Switzerland",https://maps.gstatic.com/mapfiles/place_api/icons/v1/png_71/shopping-71.png,#4B96F3,https://maps.gstatic.com/mapfiles/place_api/icons/v2/shoppingcart_pinlet,Migros Supermarkt,"[{'height': 3036, 'html_attributions': ['<a href=""https://maps.google.com/maps/contrib/104390183828883614642"">Amy Gepfert</a>'], 'photo_reference': 'Aap_uECkEOWC758oZ1gPkK-srxWnHue5u78AcXKLI55LMt8mpqSQfzLF4F6_u3SbSwXE8XaDRtKY7RTtc0FMhoUrYQMIB-UNfx_2yVnCNBel6nVnT48uDclkegU0sFr2Cz58psrDhmEZhCt4inCA_GVmae4Jj2E1jvhi43nHPPmju_fs4liJ', 'width': 4048}]",ChIJT4C60NYLkEcR4go8AuAy9HE,4.1,ChIJT4C60NYLkEcR4go8AuAy9HE,"['grocery_or_supermarket', 'supermarket', 'food', 'point_of_interest', 'store', 'establishment']",184,47.3752046,8.4857195,47.37655442989272,8.487069329892723,47.37385477010727,8.484369670107277,True,9FGP+37 Zürich,8FVC9FGP+37,,
8,8.0,OPERATIONAL,"Tessinerpl. 10, 8002 Zürich, Switzerland",https://maps.gstatic.com/mapfiles/place_api/icons/v1/png_71/shopping-71.png,#4B96F3,https://maps.gstatic.com/mapfiles/place_api/icons/v2/shoppingcart_pinlet,Migros Supermarkt,"[{'height': 3024, 'html_attributions': ['<a href=""https://maps.google.com/maps/contrib/103541268436778144207"">Ksenia Markainesk</a>'], 'photo_reference': 'Aap_uEAe2vgSkxEV6z6NRFZIs53dM5Dg61cLNT27VM-QDbjP2jeak5ubSMzyeKbj6eLvLKo0MNBb1QOKo9zKH-UqL8Ee0031Rr2pvXlWttXWomX1J2b6CWOipDesqMcxzpoNoCX0CeFxUyzuGcURyawN58kIxHn3I7fRTh0VMjY93GsiYnU6', 'width': 4032}]",ChIJ8_GqOdYJkEcRlyA5wY3lgh0,4.2,ChIJ8_GqOdYJkEcRlyA5wY3lgh0,"['grocery_or_supermarket', 'supermarket', 'food', 'point_of_interest', 'store', 'establishment']",555,47.36413049999999,8.5310291,47.36553922989273,8.532502079892723,47.36283957010728,8.529802420107279,True,9G7J+MC Zürich,8FVC9G7J+MC,,
9,9.0,OPERATIONAL,"Hohlstrasse 600, 8048 Zürich, Switzerland",https://maps.gstatic.com/mapfiles/place_api/icons/v1/png_71/shopping-71.png,#4B96F3,https://maps.gstatic.com/mapfiles/place_api/icons/v2/shoppingcart_pinlet,Migros Supermarkt,"[{'height': 2201, 'html_attributions': ['<a href=""https://maps.google.com/maps/contrib/102820401658875811974"">Yang Zhang</a>'], 'photo_reference': 'Aap_uEDlJyUc3wAN8ZaJVT9mvbmlLMnUu0d_j_yz3V8oYhuVirsvAGQqvQMnMa6wZHCCPJufW4RSV8XkJ1ZtqoRwONk3sDbWZy_JT7iPv7BbG1vPRkNnvqWZiELY19I3ND0PoknJJa83TXpnGSGSEGJkbmWxI2Oe8eNJ3MJ7QTJ8fs1CK_jT', 'width': 4000}]",ChIJfQVo8bcLkEcRIczzTEiuxuA,4.3,ChIJfQVo8bcLkEcRIczzTEiuxuA,"['grocery_or_supermarket', 'supermarket', 'food', 'point_of_interest', 'store', 'establishment']",527,47.3913612,8.4877977,47.39261177989273,8.489095479892722,47.38991212010728,8.486395820107278,True,9FRQ+G4 Zürich,8FVC9FRQ+G4,,
10,10.0,OPERATIONAL,"Neumarkt Altstetten, Altstetterstrasse 145, 8048 Zürich, Switzerland",https://maps.gstatic.com/mapfiles/place_api/icons/v1/png_71/shopping-71.png,#4B96F3,https://maps.gstatic.com/mapfiles/place_api/icons/v2/shoppingcart_pinlet,Migros Supermarkt,"[{'height': 2809, 'html_attributions': ['<a href=""https://maps.google.com/maps/contrib/116180020150389382557"">GILLET Nicolas</a>'], 'photo_reference': 'Aap_uEAeMZfdHMbYzkMb-ib8uOS26K9kedKMlwPlb43rMCi3cYS184BYTnSTQKnbwqrr03xheRACaLXnbUq1MuPF5lo8WWaRTpBrK-yLXrDZXE7mgODZW8hTr354dCt3P6veL5A4KkVwhs7Vuq1c6IGnkujic2Lg0nNWubzDn3vy37CiWrzu', 'width': 4608}]",ChIJhwIxe8gLkEcRG-YkJJT2BCk,4.4,ChIJhwIxe8gLkEcRG-YkJJT2BCk,"['grocery_or_supermarket', 'supermarket', 'food', 'point_of_interest', 'store', 'establishment']",1031,47.3882164,8.4873808,47.38963387989272,8.488422979892722,47.38693422010728,8.485723320107278,True,9FQP+7X Zürich,8FVC9FQP+7X,,
11,11.0,OPERATIONAL,"Scheffelstrasse 3, 8037 Zürich, Switzerland",https://maps.gstatic.com/mapfiles/place_api/icons/v1/png_71/shopping-71.png,#4B96F3,https://maps.gstatic.com/mapfiles/place_api/icons/v2/shoppingcart_pinlet,Migros Supermarkt,"[{'height': 4032, 'html_attributions': ['<a href=""https://maps.google.com/maps/contrib/115247243286740842210"">Mircea Cimpoi</a>'], 'photo_reference': 'Aap_uEDwBdI0znF8hRUP7kl2W21y0VOGRxsj4brZCmJJiwFTnSccc_UEx8RFBAuRex4a6iw5fJOkjR1cA0pZv46VvugjwI9JfvyvGyFbb9NaXx1v7mr5TdaNDMwHL-I__6MOxSQPNlVy1pnilgQ4jnOvPSfqP7el-vi2ITVWr7t4gjgO0-On', 'width': 3024}]",ChIJLxZ8OWkKkEcRoMGRw8QAStI,4.1,ChIJLxZ8OWkKkEcRoMGRw8QAStI,"['grocery_or_supermarket', 'supermarket', 'food', 'point_of_interest', 'store', 'establishment']",149,47.3936978,8.5292442,47.39503192989272,8.530678929892721,47.39233227010727,8.527979270107277,True,9GVH+FM Zürich,8FVC9GVH+FM,,
12,12.0,OPERATIONAL,"Löwenstrasse 31-35, 8001 Zürich, Switzerland",https://maps.gstatic.com/mapfiles/place_api/icons/v1/png_71/shopping-71.png,#4B96F3,https://maps.gstatic.com/mapfiles/place_api/icons/v2/shoppingcart_pinlet,Migros,"[{'height': 3000, 'html_attributions': ['<a href=""https://maps.google.com/maps/contrib/110381249715307152400"">Yanick L.</a>'], 'photo_reference': 'Aap_uEBuWrCOjCJ_UtquL6zwLMF8p04o7CdgyIW2GHUwPhfxv6r2wjkdsC-ehfJ7ACiYbJvt_Qz_QHkp6UrpoJiyNV3e5FgUjR4eqQhDHDnC4tfBKS50EZwfxebW_CfHdsUsOCUshvmUP0cGr5Ac5NzjabLNcBPpztmjf-z7mgxgzLHq8lAY', 'width': 4000}]",ChIJebvE0AUKkEcRli-dLu8vFaM,4.3,ChIJebvE0AUKkEcRli-dLu8vFaM,"['grocery_or_supermarket', 'supermarket', 'food', 'point_of_interest', 'store', 'establishment']",2092,47.37538319999999,8.5360797,47.37665627989272,8.537678979892721,47.37395662010727,8.534979320107277,True,9GGP+5C Zürich,8FVC9GGP+5C,,
13,13.0,OPERATIONAL,"Stockerstrasse 47, 8002 Zürich, Switzerland",https://maps.gstatic.com/mapfiles/place_api/icons/v1/png_71/shopping-71.png,#4B96F3,https://maps.gstatic.com/mapfiles/place_api/icons/v2/shoppingcart_pinlet,Migros Supermarkt,"[{'height': 815, 'html_attributions': ['<a href=""https://maps.google.com/maps/contrib/112665430431628815107"">Paolo Missoni</a>'], 'photo_reference': 'Aap_uECSpejPDZco2nOshDtxvFWHS-SPOgSNwJLuhVe8_r8G5J4edzZzXvtERbiK1PjC1vIM274enNGKnZ9f_7EyQGyXdtV18I29Sv625JHlYRg1i5XRbdqhaJ4dgE7Fssm8tmU_f4QM7Kck9uRPNWbi-oDX5CR014Pvfv_4p_CI0J_YJl7J', 'width': 1440}]",ChIJKehoGAIKkEcRoe1kqchOW68,4.1,ChIJKehoGAIKkEcRoe1kqchOW68,"['grocery_or_supermarket', 'supermarket', 'food', 'point_of_interest', 'store', 'establishment']",121,47.3683421,8.5341709,47.36965767989272,8.53561527989272,47.36695802010728,8.532915620107277,True,9G9M+8M Zürich,8FVC9G9M+8M,,
14,14.0,OPERATIONAL,"Sihlpassage, 8004 Zürich, Switzerland",https://maps.gstatic.com/mapfiles/place_api/icons/v1/png_71/shopping-71.png,#4B96F3,https://maps.gstatic.com/mapfiles/place_api/icons/v2/shoppingcart_pinlet,Migros Supermarkt,"[{'height': 2976, 'html_attributions': ['<a href=""https://maps.google.com/maps/contrib/106871465245330007342"">A Google User</a>'], 'photo_reference': 'Aap_uECq8yP_zhfiqYKpwNWJ3mw3Jbkvd9K1OnDyyQif0walEHawSbA8j6y6bCdg6uEuvN8Qvz2WFtgDAMf41Qgf0RXClIe7vhP-0kuLaemfhl_EsdLDgD57rJ52zqXQxzlgZNe0rJlT3RN72LznKmuSn6hjwRstmHTK9IGidsP_vsOjZ7GE', 'width': 3968}]",ChIJjx7_F9YLkEcRPih1Q_-rqP4,4.3,ChIJjx7_F9YLkEcRPih1Q_-rqP4,"['grocery_or_supermarket', 'supermarket', 'food', 'point_of_interest', 'store', 'establishment']",268,47.3784015,8.535615,47.37972157989272,8.537055329892722,47.37702192010728,8.534355670107278,True,9GHP+96 Zürich,8FVC9GHP+96,,
15,15.0,CLOSED_TEMPORARILY,"Altstetterstrasse 133, 8048 Zürich, Switzerland",https://maps.gstatic.com/mapfiles/place_api/icons/v1/png_71/shopping-71.png,#4B96F3,https://maps.gstatic.com/mapfiles/place_api/icons/v2/shoppingcart_pinlet,MIGROS Markthalle,"[{'height': 3024, 'html_attributions': ['<a href=""https://maps.google.com/maps/contrib/109325881275303332398"">Igor Bandalo</a>'], 'photo_reference': 'Aap_uEBE9Kv5X2IK-ufes5hnWzXAtVyl3Oyaq-T2lu8lY85QjQ75K3IK2cQtsM2RPgeUyxWyTM91DwnyoqCD-XXGvkAhntNjDSy3PoucRFkKRmdMmdhtQR4jOuGwjB-fAqAzQ6nfMVer3fg7dkpUJcAYmRGl3j752YeuaCBj2hOH2lowVEQJ', 'width': 4032}]",ChIJa2KRqqkLkEcRvP2wROxuDuU,4.7,ChIJa2KRqqkLkEcRvP2wROxuDuU,"['supermarket', 'grocery_or_supermarket', 'food', 'point_of_interest', 'store', 'establishment']",3,47.38900659999999,8.4869928,47.39035412989272,8.488218529892722,47.38765447010727,8.485518870107278,,9FQP+JQ Zürich,8FVC9FQP+JQ,True,
16,16.0,OPERATIONAL,"Badenerstrasse 339, 8004 Zürich, Switzerland",https://maps.gstatic.com/mapfiles/place_api/icons/v1/png_71/shopping-71.png,#4B96F3,https://maps.gstatic.com/mapfiles/place_api/icons/v2/shoppingcart_pinlet,migrolino fresh Zürich Albisriederplatz,"[{'height': 849, 'html_attributions': ['<a href=""https://maps.google.com/maps/contrib/102581478446121968696"">A Google User</a>'], 'photo_reference': 'Aap_uED1dvOid2_X6FOXKiYyIVS-zd-nC9l0Y7rb4bQzIon8kcN17XZ5idhekeBMbAv6CGXvCmO1JYXL2_NNWkni0KJEibnmacsYPV4nzH_XGlTSZCTd7G6-u5NlI1ITYpRLcx0k2a6GQNbjwH--uUCwsYCm7gliyJIgCSnF_dMevRLrPP4p', 'width': 1198}]",ChIJyQ0vB8QLkEcR0JgxrQCFjGM,4.0,ChIJyQ0vB8QLkEcR0JgxrQCFjGM,"['supermarket', 'grocery_or_supermarket', 'food', 'point_of_interest', 'store', 'establishment']",1,47.3778922,8.5108961,47.37926662989272,8.512293679892723,47.37656697010728,8.50959402010728,True,9GH6+59 Zürich,8FVC9GH6+59,,
17,17.0,OPERATIONAL,"Schaffhauserstrasse 75, 8057 Zürich, Switzerland",https://maps.gstatic.com/mapfiles/place_api/icons/v1/png_71/shopping-71.png,#4B96F3,https://maps.gstatic.com/mapfiles/place_api/icons/v2/shoppingcart_pinlet,Migros,"[{'height': 2160, 'html_attributions': ['<a href=""https://maps.google.com/maps/contrib/115807857100346430997"">Clemens Bornhauser</a>'], 'photo_reference': 'Aap_uEBPZzOowds7egFz1ffDrim8pMGjiuIw3vGzBXpZA5VAYoRZEPQam29T7Ghc4yo97tFBnJ3R07vmoxEI9HS1bAOETnhyFkgqF2Ha409rQUCTbEcseBh-QKGsghI8-s5yFae1rkZdgFTFSLr7mrB7Tq_2yVbn4KWP8PEBIrPr-LkQ3C_K', 'width': 3840}]",ChIJlRZDn3EKkEcRWFjwece2Dn4,4.0,ChIJlRZDn3EKkEcRWFjwece2Dn4,"['grocery_or_supermarket', 'supermarket', 'food', 'point_of_interest', 'store', 'establishment']",287,47.3925449,8.5384839,47.39389472989273,8.539833729892722,47.39119507010729,8.537134070107278,True,9GVQ+29 Zürich,8FVC9GVQ+29,,
18,18.0,OPERATIONAL,"ShopVille - Zürich Hauptbahnhof, 8001 Zürich, Switzerland",https://maps.gstatic.com/mapfiles/place_api/icons/v1/png_71/shopping-71.png,#4B96F3,https://maps.gstatic.com/mapfiles/place_api/icons/v2/shoppingcart_pinlet,Migros Supermarkt,"[{'height': 2268, 'html_attributions': ['<a href=""https://maps.google.com/maps/contrib/114458855869958623222"">Matvey Rakhlin</a>'], 'photo_reference': 'Aap_uEAGKSo3PKzbA-vU1gFvj_dkb8ARaz_17ppLi6pyRQvXW9hjc5fhSlahOA1PonMsNjfVunWoDH4XX7iRlZHmMBCqlBXl9fs2fbKM-aSWnFQQLZ5asuzYsszWaY8Twvg7Qc_rO4UF1KfXMMan9QtFJZBlIYyIPT9bKgZas3esAwd-A1F0', 'width': 4032}]",ChIJIZbEjggKkEcRw__ZfGwKmTA,4.2,ChIJIZbEjggKkEcRw__ZfGwKmTA,"['grocery_or_supermarket', 'supermarket', 'food', 'point_of_interest', 'store', 'establishment']",162,47.3770993,8.5393882,47.37850612989273,8.540598779892722,47.37580647010729,8.537899120107278,True,9GGQ+RQ Zürich,8FVC9GGQ+RQ,,
19,19.0,OPERATIONAL,"BRUNAUPARK, Giesshübelstrasse 65, 8045 Zürich, Switzerland",https://maps.gstatic.com/mapfiles/place_api/icons/v1/png_71/shopping-71.png,#4B96F3,https://maps.gstatic.com/mapfiles/place_api/icons/v2/shoppingcart_pinlet,Migros Supermarkt,"[{'height': 3120, 'html_attributions': ['<a href=""https://maps.google.com/maps/contrib/102039865497732683085"">Ирина Бенцлер</a>'], 'photo_reference': 'Aap_uEArVUu36cJuEfFe4romtFDcbrxA2A_seyq-bKKHVr7TqNWNkHllti7hVC3ZDxBeVgwVdUz_SzmPcpuHl2DZZ3yDoNM1dVobChqZjRBnSj77sWDJgITuktgutNAx6rcYcskWQdtT4X88iyQ4M-vhdxB89zpOKTX7JbthV-bY0jI1f5EB', 'width': 4160}]",ChIJj0lFi-0JkEcRhd1Rz4cxhXc,4.3,ChIJj0lFi-0JkEcRhd1Rz4cxhXc,"['grocery_or_supermarket', 'supermarket', 'food', 'point_of_interest', 'store', 'establishment']",726,47.35838589999999,8.517647199999999,47.35984097989272,8.519047979892722,47.35714132010727,8.516348320107278,True,9G59+93 Zürich,8FVC9G59+93,,
21,1.0,OPERATIONAL,"8037 Zürich, Switzerland",https://maps.gstatic.com/mapfiles/place_api/icons/v1/png_71/shopping-71.png,#4B96F3,https://maps.gstatic.com/mapfiles/place_api/icons/v2/shoppingcart_pinlet,VOI Migros Partner,,ChIJNSxIal0LkEcRAGefUzc2NVo,4.3,ChIJNSxIal0LkEcRAGefUzc2NVo,"['supermarket', 'grocery_or_supermarket', 'food', 'point_of_interest', 'store', 'establishment']",12,47.3953139,8.5183428,47.39668507989272,8.519606029892723,47.39398542010728,8.516906370107279,True,9GW9+48 Zürich,8FVC9GW9+48,,
22,2.0,OPERATIONAL,"Hauptbahnhof, 8001 Zürich, Switzerland",https://maps.gstatic.com/mapfiles/place_api/icons/v1/png_71/shopping-71.png,#4B96F3,https://maps.gstatic.com/mapfiles/place_api/icons/v2/shoppingcart_pinlet,Migros Supermarkt,"[{'height': 3024, 'html_attributions': ['<a href=""https://maps.google.com/maps/contrib/116379173594331608442"">Helena Veg</a>'], 'photo_reference': 'Aap_uECDThKSarNB7LH7dbqx5DQ8Rm0-J0dTVvLqN0T4LUdEXjsUOz_C_HchRKFhUFpYFVI_3LgzmS2OANbPjq0AspUiFMwcIVs4as56woa4bypcRucD10OLilBG-4Ej_xjismZLVpVRS-BXDDqaSllF77jYFiYP35kDJGFayaFSTRKMTHN6', 'width': 4032}]",ChIJS6CT8QgKkEcRwqhtQkVOTUI,4.2,ChIJS6CT8QgKkEcRwqhtQkVOTUI,"['grocery_or_supermarket', 'supermarket', 'food', 'point_of_interest', 'store', 'establishment']",1567,47.3775067,8.5394685,47.37951244999998,8.541694199999998,47.37637785000002,8.5381806,True,9GHQ+2Q Zürich,8FVC9GHQ+2Q,,
25,5.0,OPERATIONAL,"Letzigraben 239, 8047 Zürich, Switzerland",https://maps.gstatic.com/mapfiles/place_api/icons/v1/png_71/shopping-71.png,#4B96F3,https://maps.gstatic.com/mapfiles/place_api/icons/v2/shoppingcart_pinlet,VOI,"[{'height': 3024, 'html_attributions': ['<a href=""https://maps.google.com/maps/contrib/103704989712574295140"">Antonio Ruotolo</a>'], 'photo_reference': 'Aap_uEC1lEU_Fiq7u9G8_HVdD65dqQbq0RdQKPm4c5dI6OXJaiNpJFaJSDml1404TU_TgstN8vp4J2Ovvvxsom9D-6nNzu1HWRoXCW3mnB_DZmc_0BmDRSiDjdNx4LlCQzelc9VNwubLHd_DcgbpZCvtz7K64eodFWOxTWEP2X9_7l9azfhf', 'width': 4032}]",ChIJU8hVVdULkEcR-SsAD7EU_Dg,3.9,ChIJU8hVVdULkEcR-SsAD7EU_Dg,"['supermarket', 'bakery', 'grocery_or_supermarket', 'food', 'health', 'point_of_interest', 'store', 'establishment']",99,47.37051,8.492829000000002,47.37190622989272,8.494053779892724,47.36920657010728,8.49135412010728,True,9FCV+64 Zürich,8FVC9FCV+64,,
26,6.0,OPERATIONAL,"Zollstrasse 6, 8005 Zürich, Switzerland",https://maps.gstatic.com/mapfiles/place_api/icons/v1/png_71/shopping-71.png,#4B96F3,https://maps.gstatic.com/mapfiles/place_api/icons/v2/shoppingcart_pinlet,Migros Supermarkt (mit Daily Produkten),"[{'height': 2988, 'html_attributions': ['<a href=""https://maps.google.com/maps/contrib/112665430431628815107"">Paolo Missoni</a>'], 'photo_reference': 'Aap_uEBqUH0yIop7pENQ5FAUhxKl8ZWbYAsicrhlQGK71uqORB-BC7-4VfqBdlrRpl6oTc6InftTJe_RAoolkiQGQiBZWSWG7X-33p6qxIdtTZAZffigPeMrvVP8ApvpcSx7-mDjwWRx7VFyMdTVq9Swhob_ve9P64EEttxyk-MmSjpYWpjY', 'width': 5312}]",ChIJRdQI-WgLkEcRmzFe5a0pjkY,4.5,ChIJRdQI-WgLkEcRmzFe5a0pjkY,"['grocery_or_supermarket', 'supermarket', 'food', 'point_of_interest', 'store', 'establishment']",72,47.3798176,8.5369492,47.38119662989272,8.538243479892724,47.37849697010728,8.53554382010728,True,9GHP+WQ Zürich,8FVC9GHP+WQ,,
27,7.0,OPERATIONAL,"Regensdorferstrasse 20, 8049 Zürich, Switzerland",https://maps.gstatic.com/mapfiles/place_api/icons/v1/png_71/shopping-71.png,#4B96F3,https://maps.gstatic.com/mapfiles/place_api/icons/v2/shoppingcart_pinlet,Migros Supermarkt,"[{'height': 3456, 'html_attributions': ['<a href=""https://maps.google.com/maps/contrib/115144725611450911355"">A Google User</a>'], 'photo_reference': 'Aap_uEBxXdklTM9Ul5nV05L8zO0LhpMIdkl6eDygtFCNQeWbfRZDg_0PvkIORIpr55V4OoLmAC2FeYS74U4PaMy232jj-Vf-tBDS1GzxzBuYNBRIVZUjdRQktOp0QybAoXpgnfL0dia_J3uD9LV5YryzKFmrp2QwGu9WkQY6epKvmnz_IWAo', 'width': 4608}]",ChIJ92HZaqwLkEcReaQdY-aJ7WQ,4.3,ChIJ92HZaqwLkEcReaQdY-aJ7WQ,"['grocery_or_supermarket', 'supermarket', 'food', 'point_of_interest', 'store', 'establishment']",318,47.40375450000001,8.4971895,47.40504917989272,8.498462729892722,47.40234952010727,8.495763070107278,True,CF3W+GV Zürich,8FVCCF3W+GV,,
28,8.0,OPERATIONAL,"Löwenstrasse 35, 8001 Zürich, Switzerland",https://maps.gstatic.com/mapfiles/place_api/icons/v1/png_71/shopping-71.png,#4B96F3,https://maps.gstatic.com/mapfiles/place_api/icons/v2/shoppingcart_pinlet,Billett-Service Migros,,ChIJwdBe3AUKkEcRCwqNrjXlXBM,4.0,ChIJwdBe3AUKkEcRCwqNrjXlXBM,"['grocery_or_supermarket', 'food', 'point_of_interest', 'store', 'establishment']",1,47.3752656,8.536159999999999,47.37659882989272,8.537720029892723,47.37389917010727,8.53502037010728,,9GGP+4F Zürich,8FVC9GGP+4F,,
29,9.0,OPERATIONAL,"Falkenstrasse 19 - 21, 8008 Zürich, Switzerland",https://maps.gstatic.com/mapfiles/place_api/icons/v1/png_71/shopping-71.png,#4B96F3,https://maps.gstatic.com/mapfiles/place_api/icons/v2/shoppingcart_pinlet,Migros,"[{'height': 4032, 'html_attributions': ['<a href=""https://maps.google.com/maps/contrib/103596016892253456083"">Martin Sand</a>'], 'photo_reference': 'Aap_uEBxTQ_hritkndT9bRDn357jc-Z2Y9ll0w7a4c3oi11_SJdYFKsYjdNb5dYc4SwZxw_ys4rfpBVgHArPCo5PApAQ2n67dVhjjtih8wExvwOnZ93DqlSURNvINF2cLXZpZCInep_Mf0lr5pmq8Y37gzysim45TtULiT71CpFvuuLOPzlw', 'width': 2268}]",ChIJe6LeMFOnmkcRw2FC6oADh-Q,4.2,ChIJe6LeMFOnmkcRw2FC6oADh-Q,"['grocery_or_supermarket', 'supermarket', 'food', 'point_of_interest', 'store', 'establishment']",402,47.36543959999999,8.547797899999999,47.36667517989272,8.549208329892721,47.36397552010727,8.546508670107277,True,9G8X+54 Zürich,8FVC9G8X+54,,
31,11.0,OPERATIONAL,"Winterthurerstrasse 2/4, 8006 Zürich, Switzerland",https://maps.gstatic.com/mapfiles/place_api/icons/v1/png_71/shopping-71.png,#4B96F3,https://maps.gstatic.com/mapfiles/place_api/icons/v2/shoppingcart_pinlet,Migros Supermarkt,"[{'height': 1080, 'html_attributions': ['<a href=""https://maps.google.com/maps/contrib/103529199517688687431"">Benjamin Ricchiuto</a>'], 'photo_reference': 'Aap_uEBLEedb0JIWt3jYQtN9xtbzQ8Loin1vvu5QN2UGCGZ2d63a9gF-ioFdLgYQTlmpWm4dPS5IOV-BAvfviTljYexUVXSDAKxYDen1f1C5ddyBkMXBB2buldi-BWzzhOYCAj3Jg8hOAcxAD-ngbnDUVILAGyqK0WGzM6-FluM_Had3fkSu', 'width': 1920}]",ChIJazOmhZ-gmkcRAKhgefA24EM,4.2,ChIJazOmhZ-gmkcRAKhgefA24EM,"['grocery_or_supermarket', 'supermarket', 'food', 'point_of_interest', 'store', 'establishment']",481,47.3860603,8.548691,47.38737157989272,8.549926579892722,47.38467192010727,8.547226920107278,True,9GPX+CF Zürich,8FVC9GPX+CF,,
32,12.0,OPERATIONAL,"Altstetterstrasse 145, 8048 Zürich, Switzerland",https://maps.gstatic.com/mapfiles/place_api/icons/v1/png_71/restaurant-71.png,#FF9E67,https://maps.gstatic.com/mapfiles/place_api/icons/v2/restaurant_pinlet,Migros Take Away,,ChIJcRmrZcgLkEcRMoDp4n8v6ZE,2.3,ChIJcRmrZcgLkEcRMoDp4n8v6ZE,"['meal_takeaway', 'bakery', 'restaurant', 'food', 'point_of_interest', 'store', 'establishment']",3,47.3884037,8.4871042,47.38972137989272,8.48828467989272,47.38702172010727,8.485585020107276,True,9FQP+9R Zürich,8FVC9FQP+9R,,
35,15.0,OPERATIONAL,"Kreuzpl. 20, 8008 Zürich, Switzerland",https://maps.gstatic.com/mapfiles/place_api/icons/v1/png_71/shopping-71.png,#4B96F3,https://maps.gstatic.com/mapfiles/place_api/icons/v2/shoppingcart_pinlet,Migros Supermarkt,"[{'height': 3024, 'html_attributions': ['<a href=""https://maps.google.com/maps/contrib/100206032825952866684"">Jovo Savic</a>'], 'photo_reference': 'Aap_uEDXH7DDl5HugRhATPLOb24ZJWFYeSUEOa3n2nOoxIo4a64hdkaYgFwMYNyzmoBnfu1Jt_PQWE_sR5NJ7we_mp7oOd9HmEmCmM_cROKEAz_ir68j7ZQpQSGif9wJT0k2H6HPRXOl_K7cgyVAEIg1VeXj_QTK-KtUjsr9M6_Cf5yK2kVk', 'width': 4032}]",ChIJrZtsEZD8jkcRZSrPkC9Ynh8,4.3,ChIJrZtsEZD8jkcRZSrPkC9Ynh8,"['grocery_or_supermarket', 'supermarket', 'food', 'point_of_interest', 'store', 'establishment']",293,47.3645091,8.5537771,47.36585892989272,8.555126929892722,47.36315927010728,8.552427270107279,True,9H73+RG Zürich,8FVC9H73+RG,,
36,16.0,OPERATIONAL,"Seefeldstrasse 111/113, 8008 Zürich, Switzerland",https://maps.gstatic.com/mapfiles/place_api/icons/v1/png_71/shopping-71.png,#4B96F3,https://maps.gstatic.com/mapfiles/place_api/icons/v2/shoppingcart_pinlet,Migros Supermarkt,"[{'height': 2322, 'html_attributions': ['<a href=""https://maps.google.com/maps/contrib/103541268436778144207"">Ksenia Markainesk</a>'], 'photo_reference': 'Aap_uEBDA_uFks0G0yJqhAkv3ItfYPDnqCLP0vp3oU88SpQHXU_4U9D_QchMp9q94-Vjh-FLk8vHIdSdwPisooq5oQOA8RTWSybdGQA7bfVTvf8GSa63pVKMz0d6VfdYf2anq3DrmJon-oIAoicgApVrugC4WjbzraCmE87GV2mliU0h2lLo', 'width': 4128}]",ChIJs2st406nmkcRAbmB1ZVvu5Y,4.2,ChIJs2st406nmkcRAbmB1ZVvu5Y,"['grocery_or_supermarket', 'supermarket', 'food', 'point_of_interest', 'store', 'establishment']",153,47.358365,8.5541587,47.35966897989272,8.55540982989272,47.35696932010728,8.552710170107277,True,9H53+8M Zürich,8FVC9H53+8M,,
38,18.0,OPERATIONAL,"Einkaufszentrum Neumarkt, Hofwiesenstrasse 350, 8050 Zürich, Switzerland",https://maps.gstatic.com/mapfiles/place_api/icons/v1/png_71/shopping-71.png,#4B96F3,https://maps.gstatic.com/mapfiles/place_api/icons/v2/shoppingcart_pinlet,Migros Supermarkt,"[{'height': 2240, 'html_attributions': ['<a href=""https://maps.google.com/maps/contrib/108528686425089221553"">Ursula</a>'], 'photo_reference': 'Aap_uECy4DgRvHbtGvrgxDha80tLvykloJcS90swX2Y8sxszjDDep9bIhwEQr7CNXKP_XhwwASydgv44IGTqfak2Ytc9Jvdink86pTm64MpE0uf-7zvEOAsssay2sY8NABXlqLQWpSsGUJZwFY7fhoO5Ctqh4wGPvUP7C_ulvU9K2n8TddwZ', 'width': 4032}]",ChIJsbyGDYYKkEcReDOVUIRlDJI,4.3,ChIJsbyGDYYKkEcReDOVUIRlDJI,"['grocery_or_supermarket', 'supermarket', 'food', 'point_of_interest', 'store', 'establishment']",517,47.4106139,8.5428078,47.41201337989273,8.544096829892721,47.40931372010728,8.541397170107278,True,CG6V+64 Zürich,8FVCCG6V+64,,
40,0.0,OPERATIONAL,"Zürcherstrasse 8, 8142 Uitikon, Switzerland",https://maps.gstatic.com/mapfiles/place_api/icons/v1/png_71/shopping-71.png,#4B96F3,https://maps.gstatic.com/mapfiles/place_api/icons/v2/shoppingcart_pinlet,Migros Supermarkt,"[{'height': 3024, 'html_attributions': ['<a href=""https://maps.google.com/maps/contrib/106169041502378820101"">Marco _ m.m</a>'], 'photo_reference': 'Aap_uEDMhlfyT_GArGsjDlymD9em9Z2vd2w2_gSH5eZwUsq_LgkHcdpPDgVct-T1SwoRYQQEyuRsB6NwewX5g3nNeCediDsgcCRQfK3zz4-6nvh1_a22HtEoVL4s5ZxzHZDzpt5LO_Exik7cBvQesJoGedRqL4-3lCT1ptgEpwh8QjrPjvod', 'width': 4032}]",ChIJCUfywF4JkEcRk_49-0QlaqM,4.2,ChIJCUfywF4JkEcRk_49-0QlaqM,"['grocery_or_supermarket', 'supermarket', 'food', 'point_of_interest', 'store', 'establishment']",172,47.3682522,8.4626801,47.36954592989272,8.463982879892722,47.36684627010728,8.461283220107278,True,9F97+83 Uitikon,8FVC9F97+83,,
41,1.0,OPERATIONAL,"Toblerstrasse 73, 8044 Zürich, Switzerland",https://maps.gstatic.com/mapfiles/place_api/icons/v1/png_71/shopping-71.png,#4B96F3,https://maps.gstatic.com/mapfiles/place_api/icons/v2/shoppingcart_pinlet,Migros Supermarkt,"[{'height': 2448, 'html_attributions': ['<a href=""https://maps.google.com/maps/contrib/101441718392895089896"">D.J. A.</a>'], 'photo_reference': 'Aap_uEDuGPIoR1y6hF5vpeRlH5dNwzuxQknFHOtJZkZCjW0vLVlBlYB0B1XO44kyezVlgXinSbwVEpajIkccmuPcgCmfNzZCagAR84SQ1DpRfl_Fulny5XZQhB18HrHzRwpXMlGHwYoFvfPO9X9k3uWOzxVq8Y5vtrF9tygqE0KqdokYuHxC', 'width': 3264}]",ChIJzwvLd7ugmkcR0PWkijPdm54,3.9,ChIJzwvLd7ugmkcR0PWkijPdm54,"['grocery_or_supermarket', 'supermarket', 'food', 'point_of_interest', 'store', 'establishment']",118,47.379307,8.559392299999999,47.38069372989273,8.56086317989272,47.37799407010728,8.558163520107277,True,9HH5+PQ Zürich,8FVC9HH5+PQ,,
42,2.0,OPERATIONAL,"Etzelstrasse 3, 8038 Zürich, Switzerland",https://maps.gstatic.com/mapfiles/place_api/icons/v1/png_71/shopping-71.png,#4B96F3,https://maps.gstatic.com/mapfiles/place_api/icons/v2/shoppingcart_pinlet,Migros Supermarkt,"[{'height': 3456, 'html_attributions': ['<a href=""https://maps.google.com/maps/contrib/110437670552395218461"">shih joe</a>'], 'photo_reference': 'Aap_uECbfNBmBlqwFeRqw2ZDUBhPAxvfk3i06Bi4WOh4AuO8akPYqaDIz-KvuW5Ed3RdJctJl9BPi4vaSgmVp_bK7_iGjbzjDAEOYgy7dDocpSc4qB1Z0yoLd_yTIjWptbyN2oJKgviaIFtUflY-B9tHRn5m1T0WteS02PrtNMTG_AmkCKZA', 'width': 4608}]",ChIJA0Pf5N4JkEcRD2eKbftCaxc,4.3,ChIJA0Pf5N4JkEcRD2eKbftCaxc,"['grocery_or_supermarket', 'supermarket', 'food', 'point_of_interest', 'store', 'establishment']",587,47.34472220000001,8.53,47.34602447989273,8.531280779892723,47.34332482010728,8.52858112010728,True,8GVJ+V2 Zürich,8FVC8GVJ+V2,,
43,3.0,OPERATIONAL,"Limmatstrasse 152, 8031 Zürich, Switzerland",https://maps.gstatic.com/mapfiles/place_api/icons/v1/png_71/generic_business-71.png,#7B9EB0,https://maps.gstatic.com/mapfiles/place_api/icons/v2/generic_pinlet,Migusto - die Kochplattform der Migros,"[{'height': 800, 'html_attributions': ['<a href=""https://maps.google.com/maps/contrib/114984994853737381065"">Migusto</a>'], 'photo_reference': 'Aap_uEBAAOgL6G6xem5gqIL3zFhF73RwghQ0Q8gqDOCMm0QLVOdhFwbRjMlKi8HiI10uDOHh-D_xZCuBemCieUYuHYIb2tGMJAgyUiKNJCwV2eDGFSSVbIGPZcL4BEDO2IRp-smGWzutL9zWFzBs1K7wfFX968SOxUIrCSbHkW8lgdkAdLdo', 'width': 1600}]",ChIJISgOWhUKkEcRjrG05hbpja4,4.0,ChIJISgOWhUKkEcRjrG05hbpja4,"['food', 'point_of_interest', 'establishment']",3,47.3857134,8.532194,47.38672852989272,8.53356867989272,47.38402887010728,8.530869020107277,True,9GPJ+7V Zürich,8FVC9GPJ+7V,,
44,4.0,OPERATIONAL,"Leimbachstrasse 23, 8041 Zürich, Switzerland",https://maps.gstatic.com/mapfiles/place_api/icons/v1/png_71/shopping-71.png,#4B96F3,https://maps.gstatic.com/mapfiles/place_api/icons/v2/shoppingcart_pinlet,Migros Supermarkt,"[{'height': 1080, 'html_attributions': ['<a href=""https://maps.google.com/maps/contrib/111994936178984686730"">Cedric Meury</a>'], 'photo_reference': 'Aap_uEDS-83dKGeRtB3heZas8tHztYTnoaDOdqi5dKkNFO94bBYJr69FN9tY6uBp9TIp1lJBImnxMIXzZFTggxx4DgzOp0gQltUGqbqsBTdddxkwlu0p_5RypBwKEzdazEVLVb6ZDmWV36qXZDJ-OEIm5X9hnOh62WJzc4b4dyR_uKp3haeo', 'width': 1920}]",ChIJ6cfaKs4JkEcRgtb1q4szNRU,4.1,ChIJ6cfaKs4JkEcRgtb1q4szNRU,"['grocery_or_supermarket', 'supermarket', 'food', 'point_of_interest', 'store', 'establishment']",223,47.33603830000001,8.518926,47.33724247989272,8.520097029892721,47.33454282010728,8.517397370107277,True,8GP9+CH Zürich,8FVC8GP9+CH,,
46,6.0,OPERATIONAL,"Im Zentrum 2, 8102 Oberengstringen, Switzerland",https://maps.gstatic.com/mapfiles/place_api/icons/v1/png_71/shopping-71.png,#4B96F3,https://maps.gstatic.com/mapfiles/place_api/icons/v2/shoppingcart_pinlet,Migros Supermarkt,"[{'height': 1080, 'html_attributions': ['<a href=""https://maps.google.com/maps/contrib/100383829921079464066"">Colin Schneider</a>'], 'photo_reference': 'Aap_uEBD4tRYVO6BT9WqXBOK6WnCSFtryV4lCSS6DQGAPVWKpvQyrulg9YhqiDGHeR0DpIJ7qnjGq_3okeDT-1qXx5VHqNwN8ahMaNlH-J8qWEuW_KgnkW8YVBUgdKl3wtCqZmJO9Ea0gkeC9dPdbg5uD9cKJC3__2roqn-iPa7orpQ0XHXW', 'width': 1920}]",ChIJc-rMuIMLkEcRLdI7PqxaPUk,4.1,ChIJc-rMuIMLkEcRLdI7PqxaPUk,"['grocery_or_supermarket', 'supermarket', 'food', 'point_of_interest', 'store', 'establishment']",192,47.40861109999999,8.4633333,47.41011627989271,8.46451247989272,47.40741662010727,8.461812820107276,True,CF57+C8 Oberengstringen,8FVCCF57+C8,,
47,7.0,OPERATIONAL,"Jonas-Furrer-Strasse 21, 8046 Zürich, Switzerland",https://maps.gstatic.com/mapfiles/place_api/icons/v1/png_71/shopping-71.png,#4B96F3,https://maps.gstatic.com/mapfiles/place_api/icons/v2/shoppingcart_pinlet,Migros Supermarkt,"[{'height': 2736, 'html_attributions': ['<a href=""https://maps.google.com/maps/contrib/100313672413410545630"">Eveline Disch</a>'], 'photo_reference': 'Aap_uEBs2-4UIoWdaXExvtTFkBiH4D20lZ3zDe5KhXIAuQLsB7N4GPmYPr0W0ul8V_IwZxg276pMUnt46u_DPHoueX261cSIdHQtpc3O1c0ZcRg_FRENjmSQUxIVdm8g1EEjUtsxo5q5We51AEjVba0mMqnTBTGlK-0XC5-NMPIgmQOUxtDK', 'width': 3648}]",ChIJX0YjkOIKkEcRZDzIE1DlaOU,4.2,ChIJX0YjkOIKkEcRZDzIE1DlaOU,"['grocery_or_supermarket', 'supermarket', 'food', 'point_of_interest', 'store', 'establishment']",793,47.4200611,8.5085111,47.42138647989272,8.50997972989272,47.41868682010728,8.507280070107276,True,CGC5+2C Zürich,8FVCCGC5+2C,,
48,8.0,OPERATIONAL,"Wiesenstrasse 15, 8952 Schlieren, Switzerland",https://maps.gstatic.com/mapfiles/place_api/icons/v1/png_71/generic_business-71.png,#7B9EB0,https://maps.gstatic.com/mapfiles/place_api/icons/v2/generic_pinlet,Ausgleichskasse der Migros Betriebe,,ChIJVVVVVUgKkEcRtcFbrPcMSTI,1.0,ChIJVVVVVUgKkEcRtcFbrPcMSTI,"['point_of_interest', 'establishment']",1,47.3912899,8.508289099999999,47.39248077989273,8.50993502989272,47.38978112010728,8.507235370107276,,,,,
49,9.0,OPERATIONAL,"Güterstrasse 5, 8952 Schlieren, Switzerland",https://maps.gstatic.com/mapfiles/place_api/icons/v1/png_71/shopping-71.png,#4B96F3,https://maps.gstatic.com/mapfiles/place_api/icons/v2/shoppingcart_pinlet,Migros Supermarkt,"[{'height': 2988, 'html_attributions': ['<a href=""https://maps.google.com/maps/contrib/111596905317379399287"">Urs F</a>'], 'photo_reference': 'Aap_uEABHh-ZyeyFTcfWcFNJWuFwWyIzc2ZbAyCQq_PDrauFCJnbrgtNdzVmMS7XRAJzFrPoV2XA9Y8-6okI-vkZGViPN1x5P2o5sraS0pi3BZMVIlZs7X6Pbv5XEdoWS7GrSM9QxK_iKFYBKcuc6Y0JNposthO1umHjqWKZn41PHtDtl0xh', 'width': 5312}]",ChIJBXdqqnYMkEcRKZWiLP4YA8U,4.2,ChIJBXdqqnYMkEcRKZWiLP4YA8U,"['grocery_or_supermarket', 'supermarket', 'food', 'point_of_interest', 'store', 'establishment']",192,47.3983518,8.447123,47.39957877989273,8.448429379892723,47.39687912010729,8.445729720107279,True,9CXW+8R Schlieren,8FVC9CXW+8R,,
50,10.0,OPERATIONAL,"Limmatstrasse 270, 8005 Zürich, Switzerland",https://maps.gstatic.com/mapfiles/place_api/icons/v1/png_71/museum-71.png,#13B5C7,https://maps.gstatic.com/mapfiles/place_api/icons/v2/museum_pinlet,Migros Museum für Gegenwartskunst,"[{'height': 1000, 'html_attributions': ['<a href=""https://maps.google.com/maps/contrib/111887217370635378600"">Migros Museum für Gegenwartskunst</a>'], 'photo_reference': 'Aap_uEBaPcq0Fpsp7F3yWAPdxFJsKmdzaWiS9GezkJaMEVeqOz4x_BPq2X2--ZHxSavcJMGB-_BLZQpOBni-3DScwKr7zU-XvqhuhOkefW3psaK5-aP7p9YdKvFZzswu-htbFgyypPr08CzoIxuUHEi2NSqNGuv05MxhsJJD1Eo3LYfK-oqR', 'width': 1500}]",ChIJK8Ni7moKkEcRTqzHs_nJYu0,4.0,ChIJK8Ni7moKkEcRTqzHs_nJYu0,"['tourist_attraction', 'museum', 'point_of_interest', 'establishment']",164,47.3892851,8.5248797,47.39012492989272,8.527180999999999,47.38742527010728,8.5241126,True,9GQF+PX Zürich,8FVC9GQF+PX,,
52,12.0,OPERATIONAL,"Forchstrasse 260, 8008 Zürich, Switzerland",https://maps.gstatic.com/mapfiles/place_api/icons/v1/png_71/shopping-71.png,#4B96F3,https://maps.gstatic.com/mapfiles/place_api/icons/v2/shoppingcart_pinlet,Migros Supermarkt,"[{'height': 1920, 'html_attributions': ['<a href=""https://maps.google.com/maps/contrib/114214858314966889915"">Kyle Schroeckenthaler</a>'], 'photo_reference': 'Aap_uECqw9va76JKmJR68-fOkfl2P25Lh5s-K2KMd27PawAXkv47DAYvmhFCiQsmXezsua2uqwW2_Yvuxn0mBKDQoS9mJ-0P0g0wRkBiLg99MPiJbKtYb6MpdHUTiCzl9lyMzm13CgkUL24eHVEuE9AWrmJSjOLDLikK6QUyT6FMBvjZxVAy', 'width': 1080}]",ChIJvSPwpTGnmkcRfQMgzGhOoYI,4.1,ChIJvSPwpTGnmkcRfQMgzGhOoYI,"['grocery_or_supermarket', 'supermarket', 'food', 'point_of_interest', 'store', 'establishment']",212,47.3576042,8.5716275,47.35891442989272,8.572991479892721,47.35621477010728,8.570291820107277,True,9H5C+2M Zürich,8FVC9H5C+2M,,
53,13.0,OPERATIONAL,"Winterthurerstrasse 524, 8051 Zürich, Switzerland",https://maps.gstatic.com/mapfiles/place_api/icons/v1/png_71/shopping-71.png,#4B96F3,https://maps.gstatic.com/mapfiles/place_api/icons/v2/shoppingcart_pinlet,Migros Supermarkt,"[{'height': 3464, 'html_attributions': ['<a href=""https://maps.google.com/maps/contrib/109483997556381429641"">Michael Schmid</a>'], 'photo_reference': 'Aap_uEB9felK8bx-iXXqft9K4O2s9CpRLm48_XWE50zdDh9ViBmW4KKwhh8C4BUofTawT9HifxrJfZ1cvyo6Vfh6U1Y1rIuSpa11wqpdOfhCGP1l7GfN2EOxZw8WxY1duGuvU6LFIehNyiOWqOlepMZBLSrwjFmcyw-AsMTrtaLGdkhz1pyH', 'width': 4618}]",ChIJNf461GGgmkcRAkbN-OIoL8g,4.2,ChIJNf461GGgmkcRAkbN-OIoL8g,"['grocery_or_supermarket', 'supermarket', 'food', 'point_of_interest', 'store', 'establishment']",513,47.4039944,8.5729583,47.40534422989273,8.574308129892723,47.40264457010728,8.571608470107279,True,CH3F+H5 Zürich,8FVCCH3F+H5,,
54,14.0,OPERATIONAL,"Schaffhauserstrasse 470, 8052 Zürich, Switzerland",https://maps.gstatic.com/mapfiles/place_api/icons/v1/png_71/shopping-71.png,#4B96F3,https://maps.gstatic.com/mapfiles/place_api/icons/v2/shoppingcart_pinlet,Migros Supermarkt,"[{'height': 1080, 'html_attributions': ['<a href=""https://maps.google.com/maps/contrib/112787289266083005867"">Lorenzo Wölckner</a>'], 'photo_reference': 'Aap_uEDF9B7XQB2kJWBawauaAnIJUofq3ncCqsVMpIX6gfjU6ByWAyuKdJJCnm25Pw_p0pSP3vzXjQaIqUk6AMqHwPbm-GHkUEgYyEJw3pzuy70k8AKq3MAcYeUekBASVuwOsvry89HBc-YwwWGjfe3seZ5c83Ot8bbPa4zZ-UPAvJ4DJuGs', 'width': 1920}]",ChIJzcr5wpsKkEcR8OcT8pamnyI,4.3,ChIJzcr5wpsKkEcR8OcT8pamnyI,"['grocery_or_supermarket', 'supermarket', 'food', 'point_of_interest', 'store', 'establishment']",655,47.4195334,8.548326,47.42088322989272,8.54967582989272,47.41818357010727,8.546976170107277,True,CG9X+R8 Zürich,8FVCCG9X+R8,,
55,15.0,OPERATIONAL,"Thurgauerstrasse 106, 8152 Opfikon, Switzerland",https://maps.gstatic.com/mapfiles/place_api/icons/v1/png_71/shopping-71.png,#4B96F3,https://maps.gstatic.com/mapfiles/place_api/icons/v2/shoppingcart_pinlet,Migros Supermarkt,"[{'height': 2976, 'html_attributions': ['<a href=""https://maps.google.com/maps/contrib/100391233362818824013"">Sourav Ray</a>'], 'photo_reference': 'Aap_uEBHmJeoZFTg3KUzslbGHrv4D1g4nISCfLjkMgXqMOabmKJ-cna83HhShgbsZA7tWY23ak3wvpp4WwrhgbgBYr1qoG13NxoLKkBhSqOwTUQfZGJPuu8g2boZCMyIqCRAEb0rgDmRK45CXpbTC-Hcu-XqJvzlN1LpDsvl62oD6Q0dKVOS', 'width': 3968}]",ChIJDzSxlnWgmkcRkuKcKvoGFB8,4.2,ChIJDzSxlnWgmkcRkuKcKvoGFB8,"['grocery_or_supermarket', 'supermarket', 'food', 'point_of_interest', 'store', 'establishment']",383,47.4210946,8.5577823,47.42250337989272,8.558951729892723,47.41980372010728,8.556252070107279,True,CHC5+C4 Opfikon,8FVCCHC5+C4,,
57,17.0,OPERATIONAL,"Rietbachstrasse 14, 8952 Schlieren, Switzerland",https://maps.gstatic.com/mapfiles/place_api/icons/v1/png_71/shopping-71.png,#4B96F3,https://maps.gstatic.com/mapfiles/place_api/icons/v2/shoppingcart_pinlet,Migros Supermarkt,"[{'height': 2976, 'html_attributions': ['<a href=""https://maps.google.com/maps/contrib/116602042112658219893"">Red Nibener</a>'], 'photo_reference': 'Aap_uECwZ0MBw4Oh_2tQ3a4b_aH9maVm7nAcEYywkuG7bRg78BN146ptSMMBq-egw83ZygY5qLKY2FESVb5-1Lkhp7v8ia6Y4Jyj-oVp6fAvX_rLLMqXnizhbVaaA_T9UGYBPg9-k1UsuYzr2-5IljZMt51yKN4diFLiSECcxr2ZNBfWhACZ', 'width': 3968}]",ChIJ1UHhhy0NkEcRLpBuuvXgtDc,4.4,ChIJ1UHhhy0NkEcRLpBuuvXgtDc,"['grocery_or_supermarket', 'supermarket', 'food', 'point_of_interest', 'store', 'establishment']",380,47.4004418,8.4350087,47.40167707989272,8.436355579892721,47.39897742010728,8.433655920107277,True,CC2P+52 Schlieren,8FVCCC2P+52,,
58,18.0,OPERATIONAL,"Badenerstrasse 57, 8952 Schlieren, Switzerland",https://maps.gstatic.com/mapfiles/place_api/icons/v1/png_71/shopping-71.png,#4B96F3,https://maps.gstatic.com/mapfiles/place_api/icons/v2/shoppingcart_pinlet,Migros Supermarkt,"[{'height': 4285, 'html_attributions': ['<a href=""https://maps.google.com/maps/contrib/115630324333030957584"">Ralison Dias</a>'], 'photo_reference': 'Aap_uEDY8YoTHUfIqyNQKZH8XhAV0NcdC6SelutVO3E7RM96bd6lhSt_E3xxor2araLQFItTEsMuTeKAqk9C-IhEIxc_HCb3VWqeKU8mgAQWFZ-zsQRzxhqB0jQke2E1_-3JHgT2ZfsfWxs5jP6r_s6bU07gZmY9E3zo7XycgwcL7GZFI9Bo', 'width': 2606}]",ChIJnTSJA20MkEcRmkLVGiV0lqg,4.1,ChIJnTSJA20MkEcRmkLVGiV0lqg,"['grocery_or_supermarket', 'supermarket', 'food', 'point_of_interest', 'store', 'establishment']",251,47.3961273,8.4377924,47.39733657989272,8.439151979892722,47.39463692010727,8.436452320107279,True,9CWQ+F4 Schlieren,8FVC9CWQ+F4,,
59,19.0,OPERATIONAL,"Pfingstweidstrasse 101 Betriebszentrale Herdern, 8005 Zürich, Switzerland",https://maps.gstatic.com/mapfiles/place_api/icons/v1/png_71/generic_business-71.png,#7B9EB0,https://maps.gstatic.com/mapfiles/place_api/icons/v2/generic_pinlet,Deli Factory - Lebensmittelproduktion der Migros Zürich,"[{'height': 1666, 'html_attributions': ['<a href=""https://maps.google.com/maps/contrib/110923792431888137437"">A Google User</a>'], 'photo_reference': 'Aap_uEBe-6JkRYoBTU-2nEisKgcR6MbVC-CyUqmy2aO52A1y2ZcjN_Z63Mudm5Rze5HNoOXJPmHiPYxgMC41JLJJXVhuo2aOkJ7kE9UD8hTNVUYQeEUYqy9yxF7dvIcIuIcQRRbzxjdwuw7N6ytSoliflXMBAEkaYDTkyhB0G_Ji2uwJBiF6', 'width': 2276}]",ChIJtYZdJNgLkEcROZt6VPJVXZQ,0.0,ChIJtYZdJNgLkEcROZt6VPJVXZQ,"['food', 'point_of_interest', 'establishment']",0,47.3902727,8.507417499999999,47.39164962989272,8.508784729892723,47.38894997010728,8.506085070107279,True,9GR4+4X Zürich,8FVC9GR4+4X,,
6,6.0,OPERATIONAL,"Löwenstrasse 2, 8001 Zürich, Switzerland",https://maps.gstatic.com/mapfiles/place_api/icons/v1/png_71/shopping-71.png,#4B96F3,https://maps.gstatic.com/mapfiles/place_api/icons/v2/shoppingcart_pinlet,migrolino fresh Zürich Löwenstrasse,"[{'height': 849, 'html_attributions': ['<a href=""https://maps.google.com/maps/contrib/104523086294402186712"">A Google User</a>'], 'photo_reference': 'Aap_uEDsFxjRphksvuKdElShO-y76RT1vbJ9imdG3dgZE8G_LB2o0WpKC2JpEBfv7dFrWfvJcwXfo1z0bPJWO_6A6drC9ybyFyaHxVMTbolnNG-TLXVt5UE_UdeqYJa_G-uJ4dqH222gIAdhHflFG9sUNUTSZo3QlNtija8ZzehQpuQvpm3b', 'width': 1198}]",ChIJabhIdIcLkEcRLJVQ58SSRHc,4.0,ChIJabhIdIcLkEcRLJVQ58SSRHc,"['supermarket', 'grocery_or_supermarket', 'food', 'point_of_interest', 'store', 'establishment']",29,47.3729829,8.534700899999999,47.37421312989272,8.536215179892723,47.37151347010728,8.53351552010728,True,9GFM+5V Zürich,8FVC9GFM+5V,,
9,9.0,OPERATIONAL,"Bahnhofquai Hauptbahnhof, 8001 Zürich, Switzerland",https://maps.gstatic.com/mapfiles/place_api/icons/v1/png_71/shopping-71.png,#4B96F3,https://maps.gstatic.com/mapfiles/place_api/icons/v2/shoppingcart_pinlet,migrolino,"[{'height': 849, 'html_attributions': ['<a href=""https://maps.google.com/maps/contrib/114415783373656004443"">Migrolino</a>'], 'photo_reference': 'Aap_uEBShDCr9KBAukVilXLDDfOurkjND2MPNvuBwwSBIUG5aV6OWCLyW8yjS4C_VNTvFNZWgjZ6hFrreKVp7IXSbXpy7DOBl0JaTkOEbaUx1XHtBbydwpHIYsK3z4UtxbU7BFzi1YoX347PxBT3PUQ5-ZfgBzirwvibTpovcUoJ5k59NM_I', 'width': 1198}]",ChIJd8y6vAgKkEcRaFgy3lgjfcs,3.7,ChIJd8y6vAgKkEcRaFgy3lgjfcs,"['supermarket', 'grocery_or_supermarket', 'food', 'point_of_interest', 'store', 'establishment']",59,47.3778793,8.5411977,47.37908322989271,8.542619829892724,47.37638357010727,8.53992017010728,True,9GHR+5F Zürich,8FVC9GHR+5F,,
68,8.0,OPERATIONAL,"Witikonerstrasse 293, 8053 Zürich, Switzerland",https://maps.gstatic.com/mapfiles/place_api/icons/v1/png_71/shopping-71.png,#4B96F3,https://maps.gstatic.com/mapfiles/place_api/icons/v2/shoppingcart_pinlet,Migros Supermarkt,"[{'height': 3456, 'html_attributions': ['<a href=""https://maps.google.com/maps/contrib/108356060440821407866"">Willi Heinz Altherr</a>'], 'photo_reference': 'Aap_uEDEXuio-jUFkROaIa2WbEgGtkwq6mItVHEu8N35qmtjvyFJ5BZdX2P0UKNh3to4WqJVgHsb4Mg9-D2YzEPf-GkFX4lTI-lt2xyUFLA3RJdy2I_kESoPE-zUcExj9J_qTaLWMA3CwZSZEezo8Hj2tXQdcz9GhRxTsHW28jOjzS8w2M3g', 'width': 4608}]",ChIJVbosGiqnmkcRaO1Fr_17AEQ,4.3,ChIJVbosGiqnmkcRaO1Fr_17AEQ,"['grocery_or_supermarket', 'supermarket', 'food', 'point_of_interest', 'store', 'establishment']",241,47.35909299999999,8.5856,47.36004612989272,8.586931479892723,47.35734647010728,8.584231820107279,True,9H5P+J6 Zürich,8FVC9H5P+J6,,
90,10.0,OPERATIONAL,"Sihlquai 155, 8005 Zürich, Switzerland",https://maps.gstatic.com/mapfiles/place_api/icons/v1/png_71/shopping-71.png,#4B96F3,https://maps.gstatic.com/mapfiles/place_api/icons/v2/shoppingcart_pinlet,migrolino Zürich Sihlquai,"[{'height': 849, 'html_attributions': ['<a href=""https://maps.google.com/maps/contrib/101032025418683665335"">Migrolino</a>'], 'photo_reference': 'Aap_uEAC_7SdKaOPxR8XONI_aPPkw3eY1BgyyyIYuRgOMtQpZXZTGpqYU_eu_hVxIAhAr0tP6uDX2KdZ4VSKEdxHnsaz31ePW_aB6zSkactYgjx380cW8K7aoDjpxS2fJAZg1vBEtkZK-rjG4xPolTwAJXqGf5sktTPglyJ3ArYsG77MtmXu', 'width': 1198}]",ChIJvxOlvAgKkEcRDTvZPZ3agfY,3.9,ChIJvxOlvAgKkEcRDTvZPZ3agfY,"['supermarket', 'grocery_or_supermarket', 'food', 'point_of_interest', 'store', 'establishment']",76,47.386045,8.5319448,47.38739482989272,8.533294629892724,47.38469517010727,8.53059497010728,True,9GPJ+CQ Zürich,8FVC9GPJ+CQ,,
105,3.0,OPERATIONAL,"Loorenstrasse 35, 8053 Zürich, Switzerland",https://maps.gstatic.com/mapfiles/place_api/icons/v1/png_71/shopping-71.png,#4B96F3,https://maps.gstatic.com/mapfiles/place_api/icons/v2/shoppingcart_pinlet,VOI,"[{'height': 768, 'html_attributions': ['<a href=""https://maps.google.com/maps/contrib/118188953990331185379"">Radeta Petrovic</a>'], 'photo_reference': 'Aap_uECqKiYMi3E8Xs8PD8E8EzCSc21XJwbkjNWW4edvlwc1q2BYgimGp1MeakXCb7CSJ298QxYR3h96I7UxZpFLqjlMdD5eKFaqoc7RLKdkB4TuggMO4voEtwnukqx7EJcv00-QxU9jgDM7kGYUzDPRDT9QTtpklKbvHMNAhIJ2sVLVcnea', 'width': 1024}]",ChIJ57vsnNOmmkcRJbXCUQ9vYSg,4.3,ChIJ57vsnNOmmkcRJbXCUQ9vYSg,"['supermarket', 'bakery', 'grocery_or_supermarket', 'food', 'health', 'point_of_interest', 'store', 'establishment']",116,47.35985669999999,8.593812,47.36114142989272,8.595204179892722,47.35844177010728,8.592504520107278,True,9H5V+WG Zürich,8FVC9H5V+WG,,
109,7.0,OPERATIONAL,"Apollostrasse 2, 8032 Zürich, Switzerland",https://maps.gstatic.com/mapfiles/place_api/icons/v1/png_71/shopping-71.png,#4B96F3,https://maps.gstatic.com/mapfiles/place_api/icons/v2/shoppingcart_pinlet,Denner Express,"[{'height': 2322, 'html_attributions': ['<a href=""https://maps.google.com/maps/contrib/103541268436778144207"">Ksenia Markainesk</a>'], 'photo_reference': 'Aap_uEBPbIC49p-dFDMS_PP3zs00T80MG2ip28FJypQhcmzmGezyCi_o4736xr80ZN5wXuBMVOieGF7O3yhHy6jcrFDwHuvzciHAHdCYzwzY-velSgfWkeNV0BfgorAnFHv2XeqaHgFB1sJ0NLuaCQvUpGS9ZteWx5hXmw6LJBDkn-Xatf9_', 'width': 4128}]",ChIJs33i3EynmkcRhEO10jMrX7g,4.2,ChIJs33i3EynmkcRhEO10jMrX7g,"['supermarket', 'grocery_or_supermarket', 'food', 'point_of_interest', 'store', 'establishment']",130,47.364459,8.5556508,47.36580882989273,8.557000629892725,47.36310917010728,8.554300970107281,True,9H74+Q7 Zürich,8FVC9H74+Q7,,
110,8.0,OPERATIONAL,"Klosbachstrasse 104, 8032 Zürich, Switzerland",https://maps.gstatic.com/mapfiles/place_api/icons/v1/png_71/shopping-71.png,#4B96F3,https://maps.gstatic.com/mapfiles/place_api/icons/v2/shoppingcart_pinlet,Coop Supermarkt Zürich Römerhof,"[{'height': 1100, 'html_attributions': ['<a href=""https://maps.google.com/maps/contrib/117321903640074192801"">Coop Zuerich Roemerhof</a>'], 'photo_reference': 'Aap_uED4VTGCN-MlLEjL2Yi8MP4_FhGxbXNtx4ehJh-ZsCBD7cizugWl8j_f975lnoPEsBYMDFn0YJ3HGIr9jwb08AejfAYwDbq7rUrZ6t8EeooiK8nGNq1NWAMJtaPql0XbHJy5imAXd1syI1WQoFLDtCuAOSf-KdIbFOGz_Qv8UfUNGpmh', 'width': 2000}]",ChIJiXCkXrSgmkcR_p7tVPS-F-o,4.0,ChIJiXCkXrSgmkcR_p7tVPS-F-o,"['supermarket', 'grocery_or_supermarket', 'food', 'point_of_interest', 'store', 'establishment']",161,47.3678286,8.5608796,47.36923782989273,8.562162279892721,47.36653817010728,8.559462620107277,True,9H96+49 Zürich,8FVC9H96+49,,
113,11.0,OPERATIONAL,"Witikonerstrasse 409, 8053 Zürich, Switzerland",https://maps.gstatic.com/mapfiles/place_api/icons/v1/png_71/shopping-71.png,#4B96F3,https://maps.gstatic.com/mapfiles/place_api/icons/v2/shoppingcart_pinlet,Coop Supermarkt Zürich Witikonerstrasse,"[{'height': 1080, 'html_attributions': ['<a href=""https://maps.google.com/maps/contrib/114165579041402368528"">Thomas Oppenhoff</a>'], 'photo_reference': 'Aap_uEDuexybk8hX9EyIJ_JkjQid8vc893y35V7rztIP9CJlzRmiv_DSeEoaeA8IEt7MiLVfdDl23TYj0c21iR5SA8Ykw21PvoArs9dLTFqOAS4aBDGESHTDEwMIgnsQisWdRMeskeAuhhNq3A8GXvCXGNHBw7VZGxfGp-Su3CaLkWWmgEBd', 'width': 1920}]",ChIJf599CtOmmkcRWHiWHxYCYGA,4.0,ChIJf599CtOmmkcRWHiWHxYCYGA,"['supermarket', 'grocery_or_supermarket', 'food', 'point_of_interest', 'store', 'establishment']",199,47.3602256,8.5946711,47.36142627989272,8.596077979892723,47.35872662010728,8.593378320107279,True,9H6V+3V Zürich,8FVC9H6V+3V,,
114,12.0,OPERATIONAL,"Forchstrasse 261, 8032 Zürich, Switzerland",https://maps.gstatic.com/mapfiles/place_api/icons/v1/png_71/shopping-71.png,#4B96F3,https://maps.gstatic.com/mapfiles/place_api/icons/v2/shoppingcart_pinlet,Denner Express,"[{'height': 1920, 'html_attributions': ['<a href=""https://maps.google.com/maps/contrib/116487761392551074752"">Ruedi Steiner-Pulimeno</a>'], 'photo_reference': 'Aap_uEAIj5_65ge-SG1ObWUPX6fkjflzVV5ZL_-OAT-sCrFF_XiBOG8LYynhGaP8H7oMA0TwbEJ0oudmw5vfR_JIIrvP-HwrcEZRqlIRMkwPnyCjl06rdJ6TZYWDMhkmlUhDuSZkxXS9eG0E9QWou9imqINBOZj1XhVj6kvTwVH2sHp5kWnM', 'width': 2560}]",ChIJ5XXFnjGnmkcRDBvusWEK2nQ,4.3,ChIJ5XXFnjGnmkcRDBvusWEK2nQ,"['supermarket', 'grocery_or_supermarket', 'food', 'point_of_interest', 'store', 'establishment']",145,47.3584018,8.5717007,47.35972487989272,8.57306052989272,47.35702522010727,8.570360870107276,True,9H5C+9M Zürich,8FVC9H5C+9M,,
115,13.0,OPERATIONAL,"Hottingerstrasse 52, 8032 Zürich, Switzerland",https://maps.gstatic.com/mapfiles/place_api/icons/v1/png_71/shopping-71.png,#4B96F3,https://maps.gstatic.com/mapfiles/place_api/icons/v2/shoppingcart_pinlet,Denner Express,"[{'height': 2322, 'html_attributions': ['<a href=""https://maps.google.com/maps/contrib/112199336452011102022"">Marco H.</a>'], 'photo_reference': 'Aap_uEDHjjpUItkXMSYPkW1MSQMdGVHM4K93Z3weSf6lAbp5BorYYr6FiQUCKGojarN-rGpp99EaYvJm6LZZp2k2yAvjmvidcMl87ZZPlVAAqZji1wfs-A6hAXLnn52MG3f49Q41Fdd1hEV-x16pf8PdAK-dCFJFByot0Og8HClMC440fSJp', 'width': 4128}]",ChIJDwsmspGhmkcREbIDOCNK_OE,4.5,ChIJDwsmspGhmkcREbIDOCNK_OE,"['supermarket', 'grocery_or_supermarket', 'food', 'point_of_interest', 'store', 'establishment']",63,47.3690299,8.5558873,47.37047307989272,8.55728902989272,47.36777342010728,8.554589370107276,True,9H94+J9 Zürich,8FVC9H94+J9,,
116,14.0,OPERATIONAL,"Voltastrasse 40, 8044 Zürich, Switzerland",https://maps.gstatic.com/mapfiles/place_api/icons/v1/png_71/shopping-71.png,#4B96F3,https://maps.gstatic.com/mapfiles/place_api/icons/v2/shoppingcart_pinlet,Vita Volta,"[{'height': 768, 'html_attributions': ['<a href=""https://maps.google.com/maps/contrib/109492790619031690985"">A Google User</a>'], 'photo_reference': 'Aap_uED80C9wNCmUhClmWHKUs3VG6zljtTGplqBfk02BRLFD9kfNhhgOn3afXhU4a9KN06KPk8ScsuVexk_v7XTS1gmSoNULluswyV0ZRwaeC4_AZms6ziMvPiNt4hw5bOJuTC2Ylh6XdJ32XQ8f9R1zT7BBv9Wj1pxz5EJZ8RWinAK9512E', 'width': 1024}]",ChIJ5Q41qEihmkcRjfmOZhRan7k,4.9,ChIJ5Q41qEihmkcRjfmOZhRan7k,"['grocery_or_supermarket', 'food', 'point_of_interest', 'store', 'establishment']",26,47.3790335,8.5540171,47.38042717989273,8.555409229892721,47.37772752010729,8.552709570107277,True,9HH3+JJ Zürich,8FVC9HH3+JJ,,
117,15.0,OPERATIONAL,"Witikonerstrasse 299, Einkaufszentrum Witikon, 8053 Zürich, Switzerland",https://maps.gstatic.com/mapfiles/place_api/icons/v1/png_71/shopping-71.png,#4B96F3,https://maps.gstatic.com/mapfiles/place_api/icons/v2/shoppingcart_pinlet,Denner Discount,"[{'height': 3840, 'html_attributions': ['<a href=""https://maps.google.com/maps/contrib/117056591400520807255"">Eugenio Gandolfo</a>'], 'photo_reference': 'Aap_uEBaQ2bimk8W9Rd398ByrZmtDkhiBVyemKzE71w4PvYdQRVPa23eKlA4Y1f6PGsEzNnoGijMgPaH4gbkU0RrGzbI755f_kWL5buKl4pykomZp8k0X0g6micLppQdnoYWdwKwHNyHvcIx7GtUK95tM9DszDBDs4HQUlt8neI_Ed10sAkA', 'width': 2160}]",ChIJL6QEBCqnmkcRwHLBd3phqYw,4.3,ChIJL6QEBCqnmkcRwHLBd3phqYw,"['supermarket', 'grocery_or_supermarket', 'food', 'point_of_interest', 'store', 'establishment']",102,47.3584599,8.5862955,47.35972192989273,8.587641229892721,47.35702227010728,8.584941570107278,True,9H5P+9G Zürich,8FVC9H5P+9G,,
118,16.0,OPERATIONAL,"Zürichbergstrasse 75, 8044 Zürich, Switzerland",https://maps.gstatic.com/mapfiles/place_api/icons/v1/png_71/shopping-71.png,#4B96F3,https://maps.gstatic.com/mapfiles/place_api/icons/v2/shoppingcart_pinlet,Coop Supermarkt Zürich Fluntern,"[{'height': 3480, 'html_attributions': ['<a href=""https://maps.google.com/maps/contrib/101668872274800835570"">Arnaud Kenzler</a>'], 'photo_reference': 'Aap_uEC10Y4TuvTur913pfbmBvEt-ZBCiy5k5cHOvo69Vz5E4woL4vkr_Tv-XaXQFjafAxUHjse1R4JORx59L6v3sThmWU2EZJLSTWo5yC5Yxf75JwtDK5XFTV2LrdPQwszbtAZALxZ7MOlTm2QmKgG89N64d-UIdXOzFhwfT7EbF3KpkHi4', 'width': 4640}]",ChIJdUL9H02nmkcRU115IRS7Tn0,3.9,ChIJdUL9H02nmkcRU115IRS7Tn0,"['supermarket', 'grocery_or_supermarket', 'food', 'point_of_interest', 'store', 'establishment']",152,47.3763892,8.559660299999999,47.37779107989272,8.560880529892723,47.37509142010728,8.558180870107279,True,9HG5+HV Zürich,8FVC9HG5+HV,,
120,18.0,OPERATIONAL,"Winterthurerstrasse 2, 8006 Zürich, Switzerland",https://maps.gstatic.com/mapfiles/place_api/icons/v1/png_71/restaurant-71.png,#FF9E67,https://maps.gstatic.com/mapfiles/place_api/icons/v2/restaurant_pinlet,Migros Take Away,,ChIJrVE-hJ-gmkcRpg2TbFxvL68,3.9,ChIJrVE-hJ-gmkcRpg2TbFxvL68,"['meal_takeaway', 'bakery', 'restaurant', 'food', 'point_of_interest', 'store', 'establishment']",7,47.3859051,8.548694099999999,47.38719672989271,8.550052179892722,47.38449707010727,8.547352520107278,True,9GPX+9F Zürich,8FVC9GPX+9F,,
148,6.0,OPERATIONAL,"Rautistrasse 32, 8047 Zürich, Switzerland",https://maps.gstatic.com/mapfiles/place_api/icons/v1/png_71/shopping-71.png,#4B96F3,https://maps.gstatic.com/mapfiles/place_api/icons/v2/shoppingcart_pinlet,migrolino Zürich Rautistrasse,"[{'height': 849, 'html_attributions': ['<a href=""https://maps.google.com/maps/contrib/102151591278690906984"">Migrolino</a>'], 'photo_reference': 'Aap_uEA6kYK6WdZP1M72uBfD2l2jQ0o3OM9_6zE-UjRnao3IZtbchobqKlR-uH0eJgNGxlUwwqRM8x-p3ubAvTlpB8T45jT0sr0nbJXJ1shyomDJUDmz4h5KodmuARMWcI6ukTD5HBjul9FPBUQLkZqvsHxyL6SOjc4lVz_nYc7LgGavwtto', 'width': 1198}]",ChIJveXMlc0LkEcRWZQ2vZgEn3o,4.0,ChIJveXMlc0LkEcRWZQ2vZgEn3o,"['supermarket', 'grocery_or_supermarket', 'food', 'point_of_interest', 'store', 'establishment']",59,47.3812263,8.4920643,47.38257612989272,8.493414129892722,47.37987647010728,8.490714470107278,True,9FJR+FR Zürich,8FVC9FJR+FR,,
149,7.0,OPERATIONAL,"Karstlernstrasse 2, 8048 Zürich, Switzerland",https://maps.gstatic.com/mapfiles/place_api/icons/v1/png_71/shopping-71.png,#4B96F3,https://maps.gstatic.com/mapfiles/place_api/icons/v2/shoppingcart_pinlet,migrolino Zürich Farbhof,"[{'height': 849, 'html_attributions': ['<a href=""https://maps.google.com/maps/contrib/117259346887139023182"">A Google User</a>'], 'photo_reference': 'Aap_uEAHcgIfgWHdyCJItdKvjMD8EX6lkAxE5jtGFbDT93_IKvO78d2bN6OMhK-Dx0fio8ZvFxiDGvLxSzIbBEqm8Y1kn6yLfyKyr4Ac3SUAgGlrzxYWp9EKa8t1QImH9X8PkSFLdHDIFcPSAUJr8D7Y41boRBFftguP-Bgljo3RVqYI8zvu', 'width': 1198}]",ChIJuwfczBELkEcR62eLJhBRuy4,4.2,ChIJuwfczBELkEcR62eLJhBRuy4,"['supermarket', 'grocery_or_supermarket', 'food', 'point_of_interest', 'store', 'establishment']",32,47.3904603,8.4789204,47.39187442989272,8.48030092989272,47.38917477010727,8.477601270107277,True,9FRH+5H Zürich,8FVC9FRH+5H,,
150,8.0,OPERATIONAL,"Grünauring 37, 8064 Zürich, Switzerland",https://maps.gstatic.com/mapfiles/place_api/icons/v1/png_71/shopping-71.png,#4B96F3,https://maps.gstatic.com/mapfiles/place_api/icons/v2/shoppingcart_pinlet,VOI,"[{'height': 2988, 'html_attributions': ['<a href=""https://maps.google.com/maps/contrib/112665430431628815107"">Paolo Missoni</a>'], 'photo_reference': 'Aap_uEDEPivj8hJrV3MIEzoGckBA6k_TKiY69qZSz4IVuKYTvfghq8vLVpUtVeAWbuZQNlwhrVjL64X7vj1PpaZlYiGO-1PMllWGz4MHlzA_z17_F_uMYmNwGYHCdXIY1tk0vOtpoApx9dObpEnHLm9mu95xmr-Yxl7bwsEbzfUxhYqHC51x', 'width': 5312}]",ChIJPT0XO7oLkEcR5cNBBVyfvJE,4.0,ChIJPT0XO7oLkEcR5cNBBVyfvJE,"['supermarket', 'bakery', 'grocery_or_supermarket', 'food', 'health', 'point_of_interest', 'store', 'establishment']",200,47.3960893,8.4864943,47.39739562989273,8.487851579892723,47.39469597010728,8.48515192010728,True,9FWP+CH Zürich,8FVC9FWP+CH,,
151,9.0,OPERATIONAL,"Birmensdorferstrasse 517, 8055 Zürich, Switzerland",https://maps.gstatic.com/mapfiles/place_api/icons/v1/png_71/shopping-71.png,#4B96F3,https://maps.gstatic.com/mapfiles/place_api/icons/v2/shoppingcart_pinlet,migrolino Zürich Birmensdorferstrasse,"[{'height': 2976, 'html_attributions': ['<a href=""https://maps.google.com/maps/contrib/117804425570490976472"">A Google User</a>'], 'photo_reference': 'Aap_uED6pM-bZay7YhyW_Hanq3SzdbUJ3G2Zc8k8ojxHUd2oNQ-v2Mt1WCKrF3cr6Q7jjbiXPTcWlrC7LnbfzqVp5BAFkVbUD6cySVAvOUPnjRkUXDVRedZNAtUtGJSoDhzeUuCGYkVQU330faCRS-uB2DW6IieC0dmVRCv-jsECnV0-kS5s', 'width': 3968}]",ChIJIScCroEJkEcRbsFzBtV4S_0,4.3,ChIJIScCroEJkEcRbsFzBtV4S_0,"['supermarket', 'grocery_or_supermarket', 'food', 'point_of_interest', 'store', 'establishment']",22,47.3673977,8.4943004,47.36880057989272,8.49559942989272,47.36610092010728,8.492899770107277,True,9F8V+XP Zürich,8FVC9F8V+XP,,
152,10.0,OPERATIONAL,"Hohlstrasse 544, 8048 Zürich, Switzerland",https://maps.gstatic.com/mapfiles/place_api/icons/v1/png_71/shopping-71.png,#4B96F3,https://maps.gstatic.com/mapfiles/place_api/icons/v2/shoppingcart_pinlet,migrolino Hohlstrasse,"[{'height': 849, 'html_attributions': ['<a href=""https://maps.google.com/maps/contrib/107924166598123177482"">Migrolino</a>'], 'photo_reference': 'Aap_uECM5bHTc0-Z7gL4dTnWR28HN2akYyMh080xxDIEWFgPT508dv0vMRNOmCl0UKCHSsgLzlTcwFzktKU0WhGDPjgLSCSTZkLkdlFAWqh-nYxOBZkpaGRBODaaYXje9qli5rkHzfjbn6P9cd-q3a9gUk8HehF9ozReC-ivH9YCYl5UjMTv', 'width': 1198}]",ChIJWy22IbYLkEcR0Pz8SVXcPJ0,4.2,ChIJWy22IbYLkEcR0Pz8SVXcPJ0,"['supermarket', 'grocery_or_supermarket', 'food', 'point_of_interest', 'store', 'establishment']",131,47.3904427,8.4911794,47.39180787989272,8.492476479892721,47.38910822010728,8.489776820107277,True,9FRR+5F Zürich,8FVC9FRR+5F,,
154,12.0,OPERATIONAL,"Rautistrasse 12, 8047 Zürich, Switzerland",https://maps.gstatic.com/mapfiles/place_api/icons/v1/png_71/shopping-71.png,#4B96F3,https://maps.gstatic.com/mapfiles/place_api/icons/v2/shoppingcart_pinlet,migrolino Zürich Rautistrasse,"[{'height': 849, 'html_attributions': ['<a href=""https://maps.google.com/maps/contrib/109880712816960951618"">A Google User</a>'], 'photo_reference': 'Aap_uEBShhAAA82Pn_pGP_iOt8eSTQcIHfI2M8feuQ6Eggoa_tFcQ2RAwMigLGAs6odeq9_ieIl9j4QJwqGiSXNpSJC5CZ-Su5LZFmShdMC2zQXN0xmkjVNcN6V_cezpjAVNO3T-0lcjJulFA2xLiL7UoJvxDcWmtxhmzhf9CJWHne4H9Hb8', 'width': 1198}]",ChIJTwogqYkLkEcRd11qtCOWbc4,4.3,ChIJTwogqYkLkEcRd11qtCOWbc4,"['supermarket', 'grocery_or_supermarket', 'food', 'point_of_interest', 'store', 'establishment']",20,47.380395,8.4941506,47.38164562989272,8.495386579892722,47.37894597010728,8.492686920107278,True,9FJV+5M Zürich,8FVC9FJV+5M,,
159,17.0,OPERATIONAL,"Bachmattstrasse 59, 8048 Zürich, Switzerland",https://maps.gstatic.com/mapfiles/place_api/icons/v1/png_71/generic_business-71.png,#7B9EB0,https://maps.gstatic.com/mapfiles/place_api/icons/v2/generic_pinlet,Migros-Pensionskasse,,ChIJsa-gpscLkEcRlVQer9M9gyQ,0.0,ChIJsa-gpscLkEcRlVQer9M9gyQ,"['finance', 'point_of_interest', 'establishment']",0,47.3890484,8.4836782,47.39042472989273,8.484942429892723,47.38772507010729,8.482242770107279,,9FQM+JF Zürich,8FVC9FQM+JF,,
161,19.0,OPERATIONAL,"Vulkanpl. 8, 8048 Zürich, Switzerland",https://maps.gstatic.com/mapfiles/place_api/icons/v1/png_71/school-71.png,#7B9EB0,https://maps.gstatic.com/mapfiles/place_api/icons/v2/school_pinlet,Migros Club Schools Zurich Altstetten,"[{'height': 4000, 'html_attributions': ['<a href=""https://maps.google.com/maps/contrib/100052202522277217450"">A Google User</a>'], 'photo_reference': 'Aap_uEBUfuWUSXTcsPGgFzbjvrqnCVmFKorHhWBwzIgHG_yEXbeTMv0a5BOjS8NDEZU0lAuv499bzr11qILUEHGcvLXhZem05lquwTsieic5h60HNssHQssnvAMsCdFrxR2PGP7PinpGpIHeOxkYgbxr9aNMG7EUXWbFBEGocI7j-aFedqnI', 'width': 6000}]",ChIJYW8RdLcLkEcRoPl_oX59AiA,4.3,ChIJYW8RdLcLkEcRoPl_oX59AiA,"['gym', 'health', 'point_of_interest', 'establishment']",52,47.3917744,8.4919014,47.39325652989272,8.493415629892723,47.39055687010728,8.49071597010728,True,9FRR+PQ Zürich,8FVC9FRR+PQ,,
165,3.0,OPERATIONAL,"Kappenbühlweg 5, 8049 Zürich, Switzerland",https://maps.gstatic.com/mapfiles/place_api/icons/v1/png_71/shopping-71.png,#4B96F3,https://maps.gstatic.com/mapfiles/place_api/icons/v2/shoppingcart_pinlet,Alnatura Bio Super Markt,"[{'height': 1281, 'html_attributions': ['<a href=""https://maps.google.com/maps/contrib/103925599629757126911"">Migros</a>'], 'photo_reference': 'Aap_uEBtROwN0qtSCWaH5C7LAJLrgSKeUsIpb0JgjkfBhdS6utQNaj8avTzb8GM5UWYxmJsF2nR71wDQ_di8P3Vd-3BOOJbAMJosxpf6npvERCgbE3_M_1RF5kL8soQZMjNSTvbe2HMj9K1zrTgA9AVQv1ibV9-FZiX5z0JhEeQwzMRs6Va_', 'width': 1920}]",ChIJR3tEQKwLkEcRkq_X0hE7IEY,4.4,ChIJR3tEQKwLkEcRkq_X0hE7IEY,"['grocery_or_supermarket', 'food', 'point_of_interest', 'store', 'establishment']",126,47.4033715,8.4980216,47.40472132989272,8.49937142989272,47.40202167010727,8.496671770107277,True,CF3X+86 Zürich,8FVCCF3X+86,,
185,3.0,OPERATIONAL,"Thurgauerstrasse 100, 8052 Zürich, Switzerland",https://maps.gstatic.com/mapfiles/place_api/icons/v1/png_71/shopping-71.png,#4B96F3,https://maps.gstatic.com/mapfiles/place_api/icons/v2/shoppingcart_pinlet,migrolino Zürich Thurgauerstrasse,"[{'height': 849, 'html_attributions': ['<a href=""https://maps.google.com/maps/contrib/108955846402415190274"">Migrolino</a>'], 'photo_reference': 'Aap_uEAh8ADoLKZxsnVrNA-oq9EsMQCI6v8STEGhIppNhBrErFFdCrIAyHqEps0mIfWeKI0ScTspOIaGrTY-Mty1mF1gIud_zTALj9XMXSp9Fn43Y4GJarPFyWC29kpDxOu-in3gzkM0_CjXQeiOo6Ge--ua1NNq7v2wb6h4DsLNGZkHGN5M', 'width': 1198}]",ChIJYYNzAJ4KkEcRp5Uxhi6s6U0,4.3,ChIJYYNzAJ4KkEcRp5Uxhi6s6U0,"['supermarket', 'grocery_or_supermarket', 'food', 'point_of_interest', 'store', 'establishment']",43,47.41979689999999,8.5563336,47.42119032989272,8.557588279892723,47.41849067010728,8.55488862010728,True,CH94+WG Zürich,8FVCCH94+WG,,
186,4.0,OPERATIONAL,"Riedenhaldenstrasse Bahnhof, 8046 Zürich, Switzerland",https://maps.gstatic.com/mapfiles/place_api/icons/v1/png_71/shopping-71.png,#4B96F3,https://maps.gstatic.com/mapfiles/place_api/icons/v2/shoppingcart_pinlet,migrolino Zürich Affoltern,"[{'height': 849, 'html_attributions': ['<a href=""https://maps.google.com/maps/contrib/100940472434569003530"">Migrolino</a>'], 'photo_reference': 'Aap_uECMp4eovmu4RBJhEGIRmCInbfdTLeISg2rXOx0KbBajlB2EUbCG4FGilkzJgoOmMklZR1yzsMKrL371C5uT-wuf4YiTi2kfCvzKZNqUUOPzO2tZewIby1gTUVJjmpymEXC57SV8uDVo4Ej6oNHOxEeHhEKNtmO-fkstHCei9odODRFS', 'width': 1198}]",ChIJa1C_eB0LkEcR-4dxh49_tZk,4.2,ChIJa1C_eB0LkEcR-4dxh49_tZk,"['supermarket', 'grocery_or_supermarket', 'food', 'point_of_interest', 'store', 'establishment']",140,47.420995,8.5079988,47.42229227989272,8.509257329892721,47.41959262010727,8.506557670107277,True,CGC5+95 Zürich,8FVCCGC5+95,,
188,6.0,OPERATIONAL,"Wehntalerstrasse 586C, 8046 Zürich, Switzerland",https://maps.gstatic.com/mapfiles/place_api/icons/v1/png_71/shopping-71.png,#4B96F3,https://maps.gstatic.com/mapfiles/place_api/icons/v2/shoppingcart_pinlet,migrolino Zürich Furttal,"[{'height': 3024, 'html_attributions': ['<a href=""https://maps.google.com/maps/contrib/103225026683865679816"">kenan sadiku</a>'], 'photo_reference': 'Aap_uEDmTs4vkZa_IDZTLX6iR-9gmK3xkkU2ipdjhXOzXjHPCfwaXwKnyZZsIStf7RO5gCRTOwJIrSt4WO4j7HoeFejgWdrHapznbQpZp0EM5eKzdgFhuAHoSiEwePqvhgt0SFPlugX8BTSFGSdXZ_taHimwWAoAF2cREB6pKWtviXQ84O29', 'width': 4032}]",ChIJa1C_eB0LkEcR8N8Lhtc8cYI,3.9,ChIJa1C_eB0LkEcR8N8Lhtc8cYI,"['supermarket', 'grocery_or_supermarket', 'food', 'point_of_interest', 'store', 'establishment']",123,47.4209373,8.5026301,47.42226157989271,8.503949129892723,47.41956192010727,8.501249470107279,True,CGC3+93 Zürich,8FVCCGC3+93,,
189,7.0,OPERATIONAL,"Hagenholzstrasse 119, 8152 Kreis 11, Switzerland",https://maps.gstatic.com/mapfiles/place_api/icons/v1/png_71/shopping-71.png,#4B96F3,https://maps.gstatic.com/mapfiles/place_api/icons/v2/shoppingcart_pinlet,migrolino Opfikon,"[{'height': 849, 'html_attributions': ['<a href=""https://maps.google.com/maps/contrib/114231119007433866636"">A Google User</a>'], 'photo_reference': 'Aap_uEDRv6tjbqIRWZHLDtVtDZwA-UtNVzWvJh0fP9RkmPc1C2VOqY-CFvW_oc-ex_9zxvJUG6GHzs9EHonnc7VqJKUvI2Ih7o0LO2ex3Q1oK_D1wsiiJmoClTygZlbKX-vJNTQFyePmwgzH1kISK6ql1LoL7tgTSJXGCVXVyB1OzrKzE0CW', 'width': 1198}]",ChIJMWAyXAgKkEcRjxhUAA0yrmM,3.8,ChIJMWAyXAgKkEcRjxhUAA0yrmM,"['supermarket', 'grocery_or_supermarket', 'food', 'point_of_interest', 'store', 'establishment']",15,47.4161299,8.5637594,47.41736312989272,8.565215629892723,47.41466347010728,8.56251597010728,True,"CH87+FG District 11, Zürich",8FVCCH87+FG,,
191,9.0,OPERATIONAL,"Baumackerstrasse 35, 8050 Zürich, Switzerland",https://maps.gstatic.com/mapfiles/place_api/icons/v1/png_71/shopping-71.png,#4B96F3,https://maps.gstatic.com/mapfiles/place_api/icons/v2/shoppingcart_pinlet,Alnatura Bio Super Markt,"[{'height': 1281, 'html_attributions': ['<a href=""https://maps.google.com/maps/contrib/108367731831461746821"">Alnatura Bio-Supermarkt Zürich Oerlikon</a>'], 'photo_reference': 'Aap_uECK4Ppa9mnUCegIett8qcN19PePNLN1Y9vMFhkt4vHEICWSMH_Vhnq_54ExDU3OPPvqIG6sgWRPii49ZnnIsnqDDaMqXwOHnacZEEdl4FLE0JSYdMnBjw0lO9wDuQeVT8cjD1rD6aK24L-g0NEuuk-maKXZ51V2TMQewjkoUgGESUex', 'width': 1920}]",ChIJ4WVSVoYKkEcRxm3CmZcMhWo,4.5,ChIJ4WVSVoYKkEcRxm3CmZcMhWo,"['grocery_or_supermarket', 'food', 'point_of_interest', 'store', 'establishment']",274,47.4090151,8.5432961,47.41047877989271,8.544892879892721,47.40777912010727,8.542193220107277,True,CG5V+J8 Zürich,8FVCCG5V+J8,,
195,13.0,OPERATIONAL,"Hofwiesenstrasse 350/354, 8050 Zürich, Switzerland",https://maps.gstatic.com/mapfiles/place_api/icons/v1/png_71/restaurant-71.png,#FF9E67,https://maps.gstatic.com/mapfiles/place_api/icons/v2/restaurant_pinlet,Migros Take Away,"[{'height': 2736, 'html_attributions': ['<a href=""https://maps.google.com/maps/contrib/111363506173296195158"">Micha Baumgartner</a>'], 'photo_reference': 'Aap_uECJ_q_3HAiWwwY9qB6zY11il8SDrbTTV105jdQUCJoduOxhq-J0nqO-IyazCa03__xeK_WujlKSCZihnEln4KcxvxamJqxT670ZnpPqDYppLTX72OQDsGxap1uw_1IkV_sA38G9x5HXSumLJmVnAg6Jax2jcy8iBhD0-BI1ffGyc67D', 'width': 3648}]",ChIJKdqCDoYKkEcRtLNqU8iyiL0,3.9,ChIJKdqCDoYKkEcRtLNqU8iyiL0,"['meal_takeaway', 'bakery', 'restaurant', 'food', 'point_of_interest', 'store', 'establishment']",287,47.41067169999999,8.542944300000002,47.41202152989272,8.544294129892725,47.40932187010727,8.541594470107281,True,CG6V+75 Zürich,8FVCCG6V+75,,
199,17.0,OPERATIONAL,"Hofwiesenstrasse 350, 8050 Zürich, Switzerland",https://maps.gstatic.com/mapfiles/place_api/icons/v1/png_71/generic_business-71.png,#7B9EB0,https://maps.gstatic.com/mapfiles/place_api/icons/v2/generic_pinlet,Ecole-Club Migros,,ChIJ14XPDIYKkEcRxmN8mkCg2ew,0.0,ChIJ14XPDIYKkEcRxmN8mkCg2ew,"['point_of_interest', 'establishment']",0,47.41048319999999,8.542930799999999,47.41194822989272,8.544158779892722,47.40924857010727,8.541459120107278,,CG6V+55 Zürich,8FVCCG6V+55,,
2,2.0,OPERATIONAL,"Lagerstrasse 101, 8004 Zürich, Switzerland",https://maps.gstatic.com/mapfiles/place_api/icons/v1/png_71/shopping-71.png,#4B96F3,https://maps.gstatic.com/mapfiles/place_api/icons/v2/shoppingcart_pinlet,migrolino Zürich Lagerstrasse,"[{'height': 849, 'html_attributions': ['<a href=""https://maps.google.com/maps/contrib/104310581390934743510"">A Google User</a>'], 'photo_reference': 'Aap_uEB9Hijn9frk0VsLUPHCpw507gwmm-3YQekg8f0BqigUMfqVUCDQZRkbUI-jmflt-WA3PrrpKsXunPZBtBgLv_hFqoZPtQTtSW_w1j0Oudv4VAD-2Kr1DikQ4xxNfcJoPkUXvn9DHmQ71AfMQ779sD7l8IG3YmusCE6SUOlE6AGHIOCH', 'width': 1198}]",ChIJy_384qMLkEcRy4M56lagzoU,4.6,ChIJy_384qMLkEcRy4M56lagzoU,"['supermarket', 'grocery_or_supermarket', 'food', 'point_of_interest', 'store', 'establishment']",13,47.3794244,8.529411399999999,47.38083067989272,8.530813029892721,47.37813102010728,8.528113370107278,True,9GHH+QQ Zürich,8FVC9GHH+QQ,,
4,4.0,OPERATIONAL,"Waffenplatzstrasse 40, 8002 Zürich, Switzerland",https://maps.gstatic.com/mapfiles/place_api/icons/v1/png_71/shopping-71.png,#4B96F3,https://maps.gstatic.com/mapfiles/place_api/icons/v2/shoppingcart_pinlet,migrolino Zürich Waffenplatz,"[{'height': 4048, 'html_attributions': ['<a href=""https://maps.google.com/maps/contrib/113196617818886199851"">Benjamin Wey</a>'], 'photo_reference': 'Aap_uEB2SGazqXPFR_E6NuO_8TNA5K2UjUVFQivXpMTzq_vDb2Tt1Q8e8EWtdp9n9Fp-bwWUiGOaVBROr4fk2GY1GS1Bg6q_czm5SI7wNU3SzODd2IqZww4XkwLrR5z3Vn8MivQpDNv2CMW-fXOyehO1JYCleIaGhxOqmgENksubuat8oT_K', 'width': 3036}]",ChIJm5NFmvoJkEcR09JW1-3sOxc,4.3,ChIJm5NFmvoJkEcR09JW1-3sOxc,"['supermarket', 'grocery_or_supermarket', 'food', 'point_of_interest', 'store', 'establishment']",81,47.3595129,8.5266093,47.36087152989272,8.52807602989272,47.35817187010728,8.525376370107276,True,9G5G+RJ Zürich,8FVC9G5G+RJ,,
6,6.0,OPERATIONAL,"Bullingerstrasse 73, 8004 Zürich, Switzerland",https://maps.gstatic.com/mapfiles/place_api/icons/v1/png_71/shopping-71.png,#4B96F3,https://maps.gstatic.com/mapfiles/place_api/icons/v2/shoppingcart_pinlet,migrolino Zürich Hardau,"[{'height': 849, 'html_attributions': ['<a href=""https://maps.google.com/maps/contrib/103398129440718754813"">Migrolino</a>'], 'photo_reference': 'Aap_uEB5ac7oeZp6EX_TTdbIYM5QuIU8iX5VFZEVHAr79vmkrtO-t5jfU8enmAGnoql74zMvHweLpdRwjmDLbNsxwdPV9X4rPIrtwnGoujp0ssPJnehOPvq_YEdcR3gqNiR3YPF7t2-UCeC3BbRgk34gzXOyNNSXD7puQJhbOVYpBNbxVmzu', 'width': 1198}]",ChIJ1_vqWDoKkEcRO-q7gx6134o,4.0,ChIJ1_vqWDoKkEcRO-q7gx6134o,"['supermarket', 'grocery_or_supermarket', 'food', 'point_of_interest', 'store', 'establishment']",81,47.3814267,8.510088999999999,47.38281947989272,8.51147782989272,47.38011982010728,8.508778170107275,True,9GJ6+H2 Zürich,8FVC9GJ6+H2,,
7,7.0,OPERATIONAL,"Horneggstrasse 3, 8008 Zürich, Switzerland",https://maps.gstatic.com/mapfiles/place_api/icons/v1/png_71/shopping-71.png,#4B96F3,https://maps.gstatic.com/mapfiles/place_api/icons/v2/shoppingcart_pinlet,migrolino Zürich Hornegg,"[{'height': 876, 'html_attributions': ['<a href=""https://maps.google.com/maps/contrib/115275921648927259649"">Migrolino</a>'], 'photo_reference': 'Aap_uEDVZmlWr5NoYX_b88OKHZHeguxhGBG08YGjUiA2yaPPfCalfwCfQFh854g18-a596U_9oxyDHBgdZPSw1foELAqZditYhOHI463ES2C9zcU3dKdmMDbfVev8wgCmxnKpCyHwU9aCpxmIiBwJNpz5zEjVkxgKYwbeJdFgUwtNoVXL89-', 'width': 1313}]",ChIJ4zS5ckenmkcRgG7e3h-NwcQ,4.3,ChIJ4zS5ckenmkcRgG7e3h-NwcQ,"['supermarket', 'grocery_or_supermarket', 'food', 'point_of_interest', 'store', 'establishment']",27,47.3522694,8.5586466,47.35357872989272,8.560054129892722,47.35087907010728,8.557354470107278,True,9H25+WF Zürich,8FVC9H25+WF,,
8,8.0,OPERATIONAL,"Birmensdorferstrasse 484, 8055 Zürich, Switzerland",https://maps.gstatic.com/mapfiles/place_api/icons/v1/png_71/shopping-71.png,#4B96F3,https://maps.gstatic.com/mapfiles/place_api/icons/v2/shoppingcart_pinlet,migrolino Triemli,"[{'height': 849, 'html_attributions': ['<a href=""https://maps.google.com/maps/contrib/107937548044270680030"">Migrolino</a>'], 'photo_reference': 'Aap_uEDH-bcsJ7PKOHJ5_7JXJB68I63QHf2LCwY8TLeNATQL_7p9kkZi4vSNdTwBW4sGzPcgOGwo89eToKr5ZkHyhgvBulcmUHi8WZTYXfVsTe8kBzMchY0ZTA478CquMAnTk0kV9AnPwd7J_UvQXXaRfWzi1re9U2HcjlwnuW17t5KuW685', 'width': 1198}]",ChIJVUL56IAJkEcRDXaPF7oDxp8,4.3,ChIJVUL56IAJkEcRDXaPF7oDxp8,"['supermarket', 'grocery_or_supermarket', 'food', 'point_of_interest', 'store', 'establishment']",103,47.3685826,8.4966337,47.36993242989272,8.497983529892723,47.36723277010727,8.49528387010728,True,9F9W+CM Zürich,8FVC9F9W+CM,,
9,9.0,OPERATIONAL,"Allmendstrasse 121, 8041 Zürich, Switzerland",https://maps.gstatic.com/mapfiles/place_api/icons/v1/png_71/shopping-71.png,#4B96F3,https://maps.gstatic.com/mapfiles/place_api/icons/v2/shoppingcart_pinlet,migrolino Manegg,"[{'height': 849, 'html_attributions': ['<a href=""https://maps.google.com/maps/contrib/118078417722825806622"">Migrolino</a>'], 'photo_reference': 'Aap_uEAQ_x1IMlQM7F80rPiwLBvqWKCrsf4r5BnwbkSACMo0s_USWtq0puOGGJZ-8brY6OR4d3efSXxYQi09LRa69LeQorZZjKu6HSnBnxkD8a4NGrS_uc8ThxcOhmigyhMFq7yW5_pnpmNGzDeSLkxM-CKOZIWZ5N9mdccqBh9t1vwDAn6m', 'width': 1198}]",ChIJYzNJO8UJkEcRPiyA9AoazPA,4.0,ChIJYzNJO8UJkEcRPiyA9AoazPA,"['supermarket', 'grocery_or_supermarket', 'food', 'point_of_interest', 'store', 'establishment']",51,47.3405352,8.519438599999999,47.34184672989272,8.520722579892722,47.33914707010728,8.518022920107278,True,8GR9+6Q Zürich,8FVC8GR9+6Q,,
11,11.0,OPERATIONAL,"Langstrasse 134, 8004 Zürich, Switzerland",https://maps.gstatic.com/mapfiles/place_api/icons/v1/png_71/shopping-71.png,#4B96F3,https://maps.gstatic.com/mapfiles/place_api/icons/v2/shoppingcart_pinlet,migrolino fresh Zürich Langstrasse,"[{'height': 849, 'html_attributions': ['<a href=""https://maps.google.com/maps/contrib/108923254453749293793"">Migrolino</a>'], 'photo_reference': 'Aap_uEDkv5MWYJ6ShoOBV_UVlM7wrtPZSDMlVhsNgLqLD1iO2qiH3h0-bu9CzxQjX_0FhDDT-R4_FwpO8viE6upigTXXb_1kP7AH3TtPA_5CmHtoN3YkVsXOWy3bMsn5NN4RIDPg1mc-waGbDHMmZSMcjD7YHR01TZV0o1ZyKijPP7Bdc7FV', 'width': 1198}]",ChIJrYeh4RAKkEcROh_MTyUAbSY,3.9,ChIJrYeh4RAKkEcROh_MTyUAbSY,"['supermarket', 'grocery_or_supermarket', 'food', 'point_of_interest', 'store', 'establishment']",93,47.3798155,8.5279692,47.38116787989272,8.529232479892723,47.37846822010728,8.52653282010728,True,9GHH+W5 Zürich,8FVC9GHH+W5,,
20,11.0,OPERATIONAL,"Zürichstrasse 89, 8600 Dübendorf, Switzerland",https://maps.gstatic.com/mapfiles/place_api/icons/v1/png_71/shopping-71.png,#4B96F3,https://maps.gstatic.com/mapfiles/place_api/icons/v2/shoppingcart_pinlet,migrolino Dübendorf Sonnental,"[{'height': 3456, 'html_attributions': ['<a href=""https://maps.google.com/maps/contrib/100221860107986324592"">Werner Reiher</a>'], 'photo_reference': 'Aap_uEAcKmGtA3U798KUyKTXUDwv0o8BcnKGA3JOQuqiIyDxdOhfdRPQDRXBOJrHw_r8Pu_lSOpi8nVlHOvaYmuPt9PzY3egDz3QoX30e8zV-HL0jqjwjG8LTWUZQzjigq-Sr9vUqAX6SBde8qvTv1uhkJA53LAyaHlx_l4xtjuhdzH04-NY', 'width': 4608}]",ChIJryrb_gOhmkcR7yZZ9EAXt0Q,3.9,ChIJryrb_gOhmkcR7yZZ9EAXt0Q,"['supermarket', 'grocery_or_supermarket', 'food', 'point_of_interest', 'store', 'establishment']",48,47.3955583,8.606041,47.39690812989272,8.607390829892722,47.39420847010727,8.604691170107278,True,9JW4+6C Dübendorf,8FVC9JW4+6C,,
21,12.0,OPERATIONAL,"Ringstrasse 17, 8600 Dübendorf, Switzerland",https://maps.gstatic.com/mapfiles/place_api/icons/v1/png_71/shopping-71.png,#4B96F3,https://maps.gstatic.com/mapfiles/place_api/icons/v2/shoppingcart_pinlet,migrolino Dübendorf (Bühlwiesen),"[{'height': 849, 'html_attributions': ['<a href=""https://maps.google.com/maps/contrib/111198957356433311837"">Migrolino</a>'], 'photo_reference': 'Aap_uEDc2U_yOUzyn6GYmJgJNuZwK5UOlmnpr2Iksw04Ks5WcgwaTPLkcx2JQLnYCUpX_tlNv2mW3HrnWh01GVayinlL3TeqCwHh5RnbbkBhiI8nuR1FuKrZAOJRq-DtqIQtCl7lJTw_nJeF2-PLFZDUEnJcY0YWaYIqJQebQR1cnadF7N6S', 'width': 1198}]",ChIJJW4VzgahmkcRInTtfQdzztc,3.8,ChIJJW4VzgahmkcRInTtfQdzztc,"['supermarket', 'grocery_or_supermarket', 'food', 'point_of_interest', 'store', 'establishment']",47,47.39840040000001,8.605350699999999,47.39983977989273,8.606746529892721,47.39714012010729,8.604046870107277,True,9JX4+94 Dübendorf,8FVC9JX4+94,,
22,15.0,OPERATIONAL,"Usterstrasse 44, 8600 Dübendorf, Switzerland",https://maps.gstatic.com/mapfiles/place_api/icons/v1/png_71/shopping-71.png,#4B96F3,https://maps.gstatic.com/mapfiles/place_api/icons/v2/shoppingcart_pinlet,migrolino Dübendorf Zur Schmiede,"[{'height': 849, 'html_attributions': ['<a href=""https://maps.google.com/maps/contrib/117813520127842704636"">Migrolino</a>'], 'photo_reference': 'Aap_uEA-roZ_7W3roZQkBm1PZP0EkrEfgVisuc0ex3eEfU9_lg3wKbtBYnNswrrUroSTvnxDchBl2J2d8qmgpVu_iyc2a7M0W6kMv3K0w10j7LHtYq6eCJpq80G_aVWMfV8Lgwqj9Viwd1kzOxBet602gLe4ZLGVRzYykq1QQCX-fQTJWoQL', 'width': 1198}]",ChIJU3Z_t3ShmkcRd4QAesRrnRo,3.7,ChIJU3Z_t3ShmkcRd4QAesRrnRo,"['supermarket', 'grocery_or_supermarket', 'food', 'point_of_interest', 'store', 'establishment']",18,47.3963117,8.623351099999999,47.39777357989272,8.62470037989272,47.39507392010727,8.622000720107277,True,9JWF+G8 Dübendorf,8FVC9JWF+G8,,
23,15.0,OPERATIONAL,"Bellerivestrasse 2, 8008 Zürich, Switzerland",https://maps.gstatic.com/mapfiles/place_api/icons/v1/png_71/gas_station-71.png,#909CE1,https://maps.gstatic.com/mapfiles/place_api/icons/v2/gas_pinlet,Migrol Tankstelle,"[{'height': 1000, 'html_attributions': ['<a href=""https://maps.google.com/maps/contrib/108585801704197273624"">Migrol Tankstelle</a>'], 'photo_reference': 'Aap_uEDXnn8F1M5hult3mbJRqbew3Y9FBWBd2hZYemuXcZTIYyzPKi1kDS4EzRP34_kuOGp5EQLGKQB4ebyaS0HpWRpBOt6NFmjvkd4gPyGHvy46zitKhwNUI3CSElhEwHXQNpdSInpoCHK-lcMtVqNPKEez-Gr18Wf4WOv12SPy7gOGy2zS', 'width': 1500}]",ChIJsyCdgVGnmkcRWWAqBwqIgbk,4.2,ChIJsyCdgVGnmkcRWWAqBwqIgbk,"['gas_station', 'point_of_interest', 'establishment']",18,47.3612367,8.5478578,47.36258652989272,8.54920762989272,47.35988687010728,8.546507970107276,True,9G6X+F4 Zürich,8FVC9G6X+F4,,
24,19.0,OPERATIONAL,"Schaffhauserstrasse 101, 8152 Opfikon, Switzerland",https://maps.gstatic.com/mapfiles/place_api/icons/v1/png_71/shopping-71.png,#4B96F3,https://maps.gstatic.com/mapfiles/place_api/icons/v2/shoppingcart_pinlet,migrolino Glattbrugg,"[{'height': 849, 'html_attributions': ['<a href=""https://maps.google.com/maps/contrib/110379575459787951272"">Migrolino</a>'], 'photo_reference': 'Aap_uEBv4htrm3UELF_FTLmrDdUe_eBfNPgoOIRR_ipxj5MQnrnXkfnYJtLyT3cixAOxiDUarrQJXJecASFf-woseTXNH_7O3_dT4_oq11AQgPWD_eTTwvnNjUZ_beaQTkhHqVXtEq0cIUqUwBcKLEz1QJxmwCwNxi9Cvdl5ctjCUvcAOPoV', 'width': 1198}]",ChIJO8KFp6AKkEcRXP_OpqCokWs,2.7,ChIJO8KFp6AKkEcRXP_OpqCokWs,"['supermarket', 'grocery_or_supermarket', 'food', 'point_of_interest', 'store', 'establishment']",15,47.4330108,8.5646376,47.43428637989272,8.56606192989272,47.43158672010728,8.563362270107277,True,CHM7+6V Opfikon,8FVCCHM7+6V,,
25,7.0,OPERATIONAL,"Badenerstrasse 569, 8048 Zürich, Switzerland",https://maps.gstatic.com/mapfiles/place_api/icons/v1/png_71/generic_business-71.png,#7B9EB0,https://maps.gstatic.com/mapfiles/place_api/icons/v2/generic_pinlet,Migrolcard,,ChIJ-9g6wcwLkEcRO8xMJ9fOUxo,0.0,ChIJ-9g6wcwLkEcRO8xMJ9fOUxo,"['point_of_interest', 'establishment']",0,47.38341020000001,8.4956099,47.38534307989273,8.49739187989272,47.38264342010729,8.494692220107277,,9FMW+96 Zürich,8FVC9FMW+96,,
26,16.0,OPERATIONAL,"Güterstrasse 3, 8952 Schlieren, Switzerland",https://maps.gstatic.com/mapfiles/place_api/icons/v1/png_71/shopping-71.png,#4B96F3,https://maps.gstatic.com/mapfiles/place_api/icons/v2/shoppingcart_pinlet,migrolino Schlieren,"[{'height': 849, 'html_attributions': ['<a href=""https://maps.google.com/maps/contrib/104147419306074064410"">Migrolino</a>'], 'photo_reference': 'Aap_uEAsoPD06ETDpM1KDyAEuIXReOd5FL_xaJXb0LqD9tf_D7V4W9tRtR9M81qDWbkjZ_y36t_fIEK9rjh0bQiKftNaOequKryIWzub-itI0oMGp3SBoeqL9-7SpbjTs4AVO_EDEfcMxhIOUEHnqgjDG27L-1zb_UYlQIOwxpfBc2EQFFyg', 'width': 1198}]",ChIJnVwOsHYMkEcRw6TEPj-Dfv0,4.3,ChIJnVwOsHYMkEcRw6TEPj-Dfv0,"['supermarket', 'grocery_or_supermarket', 'food', 'point_of_interest', 'store', 'establishment']",42,47.3988491,8.4474854,47.40025322989272,8.448850179892721,47.39755357010727,8.446150520107278,True,9CXW+GX Schlieren,8FVC9CXW+GX,,
27,14.0,OPERATIONAL,"Feldstrasse 6, 8105 Regensdorf, Switzerland",https://maps.gstatic.com/mapfiles/place_api/icons/v1/png_71/shopping-71.png,#4B96F3,https://maps.gstatic.com/mapfiles/place_api/icons/v2/shoppingcart_pinlet,migrolino Regensdorf,"[{'height': 849, 'html_attributions': ['<a href=""https://maps.google.com/maps/contrib/105261236680010255496"">Migrolino</a>'], 'photo_reference': 'Aap_uED01YCclElFbhkUfX9hqiAzCdQepdi3gi108a0hVAN3GFc4HshaI-sPCnTrK70LMLFQ079T03UemGD3iO4UXYMW2udqBgWVCn5J2_ZqMtpSISE2oHji6bgvCOMnIrdG_9RVWf51YV8DNgWT597TjGm3hsVYs7K9WPZNanj2aU3Dwfcv', 'width': 1198}]",ChIJsTK1AFsLkEcR3jewM_rDgd0,4.1,ChIJsTK1AFsLkEcR3jewM_rDgd0,"['supermarket', 'grocery_or_supermarket', 'food', 'point_of_interest', 'store', 'establishment']",21,47.437556,8.474373,47.43894302989273,8.47571517989272,47.43624337010728,8.473015520107277,True,CFQF+2P Regensdorf,8FVCCFQF+2P,,
28,18.0,OPERATIONAL,"Badenerstrasse 41, 8952 Schlieren, Switzerland",https://maps.gstatic.com/mapfiles/place_api/icons/v1/png_71/shopping-71.png,#4B96F3,https://maps.gstatic.com/mapfiles/place_api/icons/v2/shoppingcart_pinlet,migrolino Schlieren,"[{'height': 849, 'html_attributions': ['<a href=""https://maps.google.com/maps/contrib/100363545544529642091"">Migrolino</a>'], 'photo_reference': 'Aap_uEDMomF9WjnOVocea3Y7RVVtcMu01soYqAcRKh_PDuYzWfWDmk068l4oVIxLfqQe_5WSChkJiMSBkl3L9tXIdGy7FzOpRPdnAKAUsoBqA9MoD5vSKq5CDyHAeIdP8XrPmEBrCX23ph7SfX3LHOg8s6dWN4QBslXkzkUKOiHKbHYsdydB', 'width': 1198}]",ChIJnVwOsHYMkEcRMv3igsBzE0Q,4.1,ChIJnVwOsHYMkEcRMv3igsBzE0Q,"['supermarket', 'grocery_or_supermarket', 'food', 'point_of_interest', 'store', 'establishment']",83,47.3963617,8.4403674,47.39779272989272,8.441496279892721,47.39509307010728,8.438796620107277,True,9CWR+G4 Schlieren,8FVC9CWR+G4,,
29,19.0,OPERATIONAL,"Feldstrasse 10, 8105 Regensdorf, Switzerland",https://maps.gstatic.com/mapfiles/place_api/icons/v1/png_71/shopping-71.png,#4B96F3,https://maps.gstatic.com/mapfiles/place_api/icons/v2/shoppingcart_pinlet,migrolino Regensdorf,"[{'height': 849, 'html_attributions': ['<a href=""https://maps.google.com/maps/contrib/107907359937537747362"">A Google User</a>'], 'photo_reference': 'Aap_uEBWpXoTWoeYy2KG5Gv0WeEI6_DPBfPw9RQcDHvqpmZ-naw7BV-Mt7QRG0YzHFbF4bWnwokipw0ZzuNPE3EgtTRWTvPgQOCFpm5rBK9DKjzTrOZuU_N_ZdRKyIqXmOAyhNzD8Or7uKpQMC1vee_M0sm3dFXQ4CWH3JpFbMha8NYRKlTr', 'width': 1198}]",ChIJM2-B9xQLkEcRWtjxtvzfU1c,4.4,ChIJM2-B9xQLkEcRWtjxtvzfU1c,"['supermarket', 'grocery_or_supermarket', 'food', 'point_of_interest', 'store', 'establishment']",16,47.437952,8.473673,47.43920862989272,8.474871729892723,47.43650897010727,8.472172070107279,True,CFQF+5F Regensdorf,8FVCCFQF+5F,,
30,8.0,OPERATIONAL,"Europa-Strasse 3, 8152 Opfikon, Switzerland",https://maps.gstatic.com/mapfiles/place_api/icons/v1/png_71/shopping-71.png,#4B96F3,https://maps.gstatic.com/mapfiles/place_api/icons/v2/shoppingcart_pinlet,migrolino fresh Glattbrugg,"[{'height': 2268, 'html_attributions': ['<a href=""https://maps.google.com/maps/contrib/109503438294154824339"">Dino Vich</a>'], 'photo_reference': 'Aap_uEBWkiPRAd2cPR2QvsjrqeQOkQef_j9qF-zklS6J5-mdIV6YIc_ixvkRIwjyU_roepeoclb3NAx09Nbytbei4oVoQ_VClbFWtfusOrQ2O0M7xNCgpl0gciMz3wqMSTkf_Bfl4U8VA-uXJGFy-WVn-bJjuiCFYKzbGiNRqXpt3pOf0I8L', 'width': 4032}]",ChIJKRsyHU8LkEcREEQrcIAb0ic,4.0,ChIJKRsyHU8LkEcREEQrcIAb0ic,"['supermarket', 'grocery_or_supermarket', 'food', 'point_of_interest', 'store', 'establishment']",82,47.4308194,8.5595076,47.43209012989272,8.560925579892722,47.42939047010728,8.558225920107278,True,CHJ5+8R Opfikon,8FVCCHJ5+8R,,
31,2.0,OPERATIONAL,"Husacherstrasse 2, 8304 Wallisellen, Switzerland",https://maps.gstatic.com/mapfiles/place_api/icons/v1/png_71/shopping-71.png,#4B96F3,https://maps.gstatic.com/mapfiles/place_api/icons/v2/shoppingcart_pinlet,migrolino Wallisellen,"[{'height': 849, 'html_attributions': ['<a href=""https://maps.google.com/maps/contrib/103191507879500314777"">Migrolino</a>'], 'photo_reference': 'Aap_uEBYDXhTyZ5fLEQAjvdzagD4ogAHxU68SC21V-IfKUjL681J1CCoAbj2ETs2AFpKflL1qdwX0tfkt44kGP-nVTsx3yrw-r0LWaJMxZOmGgVSP_E6MWiETszJZM7T9Rgu_MuCt_74cxqmZmb6WjPoKL73rxx0Zs15-Fyl4Et8rX6huETh', 'width': 1198}]",ChIJQW5EzKyhmkcRghtIBA1DW-0,4.2,ChIJQW5EzKyhmkcRghtIBA1DW-0,"['supermarket', 'grocery_or_supermarket', 'food', 'point_of_interest', 'store', 'establishment']",120,47.4081106,8.6019103,47.40958702989272,8.603207379892723,47.40688737010728,8.600507720107279,True,CJ52+6Q Wallisellen,8FVCCJ52+6Q,,
32,3.0,OPERATIONAL,"Winterthurerstrasse 692, 8051 Zürich, Switzerland",https://maps.gstatic.com/mapfiles/place_api/icons/v1/png_71/gas_station-71.png,#909CE1,https://maps.gstatic.com/mapfiles/place_api/icons/v2/gas_pinlet,Migrol Service,"[{'height': 3024, 'html_attributions': ['<a href=""https://maps.google.com/maps/contrib/106871465245330007342"">A Google User</a>'], 'photo_reference': 'Aap_uEB0FkprqhbxzCVYMR5xU17AAzyriaNKtGtsHK0htCi0fovSVJRbNLn5L2jxcYHkRrPbAC_Bv63-SknkWGHyBqOyit2QNMXAmDY-TY7srsC8fwRrmJl-BlveBadiNtL-8o8z197gFYJzicsks5dd1nQHrzg2Stu_YFm93KBKNrFiGzer', 'width': 4032}]",ChIJedlzOVmgmkcRZ8yc5GKMfGI,4.1,ChIJedlzOVmgmkcRZ8yc5GKMfGI,"['gas_station', 'grocery_or_supermarket', 'food', 'point_of_interest', 'store', 'establishment']",54,47.4063575,8.5838739,47.40770732989272,8.58522372989272,47.40500767010728,8.582524070107276,True,CH4M+GG Zürich,8FVCCH4M+GG,,
33,7.0,OPERATIONAL,"Ueberlandstrasse 97, 8600 Dübendorf, Switzerland",https://maps.gstatic.com/mapfiles/place_api/icons/v1/png_71/shopping-71.png,#4B96F3,https://maps.gstatic.com/mapfiles/place_api/icons/v2/shoppingcart_pinlet,migrolino Dübendorf Im Giessen,"[{'height': 849, 'html_attributions': ['<a href=""https://maps.google.com/maps/contrib/100334995852195925244"">Migrolino</a>'], 'photo_reference': 'Aap_uECcTk0U0qg_k5DXjViCNd_SGhr_lu1OCuiOvAY1Tr6rPG4Vk-9A7YAcJMmxrVN2Bhk7n4NeQANQ3ymFQpw55hviVoY3UY4Yvw0lJ5K2GVUjtaamenBF7E4Gl_pCaP76nc0Ise4QPTEi41QyCF3RHhMnDmcIxo1JzYPnL3w3iFBq-6-t', 'width': 1198}]",ChIJCd3jm6mhmkcRiyv_y5p1hyg,4.2,ChIJCd3jm6mhmkcRiyv_y5p1hyg,"['supermarket', 'grocery_or_supermarket', 'food', 'point_of_interest', 'store', 'establishment']",94,47.4032396,8.607397599999999,47.40452592989272,8.608760629892721,47.40182627010727,8.606060970107277,True,CJ34+7X Dübendorf,8FVCCJ34+7X,,
34,12.0,OPERATIONAL,"Neue Winterthurerstrasse 15, 8305 Dietlikon, Switzerland",https://maps.gstatic.com/mapfiles/place_api/icons/v1/png_71/shopping-71.png,#4B96F3,https://maps.gstatic.com/mapfiles/place_api/icons/v2/shoppingcart_pinlet,migrolino Dietlikon,"[{'height': 849, 'html_attributions': ['<a href=""https://maps.google.com/maps/contrib/101249552749411714369"">Migrolino</a>'], 'photo_reference': 'Aap_uECxN689uFQexmjertbMU_Q2Cz2EWb1KjvBN2zASN4gT_e7ESB1KDskYmMbkxqJsKZ7VCQ8aZu8rphrNQ2mOJcajTMA4ShdMRWJFHlWcG6x535aa6ACI1Y5hLiq3MOKxQLdoO_n_kjjn5xLkqvNf230yJ8pi8ijlwPsjbsB_TBWg3RA-', 'width': 1198}]",ChIJp6iB37uhmkcRhGVvOdlzkkI,4.6,ChIJp6iB37uhmkcRhGVvOdlzkkI,"['supermarket', 'grocery_or_supermarket', 'food', 'point_of_interest', 'store', 'establishment']",5,47.4148809,8.6201732,47.41624657989272,8.621448879892721,47.41354692010728,8.618749220107278,True,CJ7C+X3 Dietlikon,8FVCCJ7C+X3,,
35,13.0,OPERATIONAL,"Bettlistrasse 3, 8600 Dübendorf, Switzerland",https://maps.gstatic.com/mapfiles/place_api/icons/v1/png_71/shopping-71.png,#4B96F3,https://maps.gstatic.com/mapfiles/place_api/icons/v2/shoppingcart_pinlet,migrolino Dübendorf,"[{'height': 849, 'html_attributions': ['<a href=""https://maps.google.com/maps/contrib/103111528709825335582"">Migrolino</a>'], 'photo_reference': 'Aap_uEDmUznmIxFzdYsy4Mry-3aD2gbjSMgof9I5BIjC-RF6rVNgL0GB1mogHFwW6Pltm5g7XDL7XNd1Epyui-aTtakAB4-yO54diwcV7DJI7la106x0UWFrZQXUUlS34aGalj1l-wk0GhML19O02wCeQb2UMN_IdoNogxsQP01hVbiv9x33', 'width': 1198}]",ChIJE0MWVnWhmkcRK6aCkpKFJmM,4.1,ChIJE0MWVnWhmkcRK6aCkpKFJmM,"['supermarket', 'grocery_or_supermarket', 'food', 'point_of_interest', 'store', 'establishment']",96,47.3999755,8.623599,47.40127412989272,8.624906979892721,47.39857447010727,8.622207320107277,True,9JXF+XC Dübendorf,8FVC9JXF+XC,,
36,,OPERATIONAL,"Paradiesstrasse 3, 8038 Zürich, Switzerland",https://maps.gstatic.com/mapfiles/place_api/icons/v1/png_71/shopping-71.png,#4B96F3,https://maps.gstatic.com/mapfiles/place_api/icons/v2/shoppingcart_pinlet,VOI,,ChIJ94CtOdYJkEcRRDxXKaxpKDI,4.2,ChIJ94CtOdYJkEcRRDxXKaxpKDI,"['supermarket', 'bakery', 'grocery_or_supermarket', 'food', 'health', 'point_of_interest', 'store', 'establishment']",160,47.3347551,8.529489,47.33617067989272,8.53081837989272,47.33347102010728,8.528118720107276,True,8GMH+WQ Zürich,8FVC8GMH+WQ,,
38,,OPERATIONAL,"Ankenweid 10, 8041 Zürich, Switzerland",https://maps.gstatic.com/mapfiles/place_api/icons/v1/png_71/shopping-71.png,#4B96F3,https://maps.gstatic.com/mapfiles/place_api/icons/v2/shoppingcart_pinlet,VOI,"[{'height': 4032, 'html_attributions': ['<a href=""https://maps.google.com/maps/contrib/108378674766972694796"">Patricia Zbinden</a>'], 'photo_reference': 'Aap_uEAmpcvyKGeBe9LRgicE4Ld9X5nprTdGBrXZYQ3iI6YMShlQmUMhJmQkDgZ3c059rNLwkVzZeqRgfQv9bPggeyTuvq6pM8NTo6Zlr-xSztAcbf0vReYTaXQBlbj9lgABScUCKPmdce1xJSHDW6v3MmXJP71BuLRBPv0gGnV9yMstqts7', 'width': 3024}]",ChIJ9XyfN80JkEcRY4hY1TxovrE,4.2,ChIJ9XyfN80JkEcRY4hY1TxovrE,"['supermarket', 'bakery', 'grocery_or_supermarket', 'food', 'health', 'point_of_interest', 'store', 'establishment']",90,47.3298113,8.5153465,47.33119712989272,8.51676267989272,47.32849747010728,8.514063020107276,True,8GH8+W4 Zürich,8FVC8GH8+W4,,
40,,OPERATIONAL,"Mutschellenstrasse 137, 8038 Zürich, Switzerland",https://maps.gstatic.com/mapfiles/place_api/icons/v1/png_71/shopping-71.png,#4B96F3,https://maps.gstatic.com/mapfiles/place_api/icons/v2/shopping_pinlet,Migros Florissimo,"[{'height': 4608, 'html_attributions': ['<a href=""https://maps.google.com/maps/contrib/115354720375497640780"">Chiara Pasini</a>'], 'photo_reference': 'Aap_uEA39SwFYYM9J8NW8zwYSBMfPj10yGcI33N1mZYeT8hkHbakIMUeKQ2LTItc8Ns6fXpK74qZ1EBIcx_I4QrVhwMIJzaxLkkAW8ZrGMxzt_y3K4SvM4TdZbs0VxJYveALCsb4cjweLT4TrJ9R9Mzhh81s6LOgbvFYXThtMrVX-eN50fKx', 'width': 3456}]",ChIJz25eCd4JkEcROqCsuPWZ35A,4.6,ChIJz25eCd4JkEcROqCsuPWZ35A,"['florist', 'point_of_interest', 'store', 'establishment']",42,47.3469755,8.5287459,47.34832532989272,8.530095729892722,47.34562567010727,8.527396070107278,True,8GWH+QF Zürich,8FVC8GWH+QF,,
42,,OPERATIONAL,"Etzelstrasse 6, 8038 Zürich, Switzerland",https://maps.gstatic.com/mapfiles/place_api/icons/v1/png_71/shopping-71.png,#4B96F3,https://maps.gstatic.com/mapfiles/place_api/icons/v2/shoppingcart_pinlet,Denner Discount,"[{'height': 4032, 'html_attributions': ['<a href=""https://maps.google.com/maps/contrib/109418410822606281393"">Sławomir Sadziak</a>'], 'photo_reference': 'Aap_uEDF2eeaNiHfRsYdMtFx0uMD5s8Wj3NZ3oiCwei_zBDmWAkrBpvOcXvgN15M4TislN7dBhMTE3Y9hpf3PXTl0q4PtOmMucakiqudRnTiyNoWy2FkibZb3pYCXwU6iM837pFSPpsS9iWX-vE3sn0bi7xkwFrWv4ZhIx1llrY8BzW72UBD', 'width': 3024}]",ChIJB7J3Hd8JkEcR9069C-srWDE,4.2,ChIJB7J3Hd8JkEcR9069C-srWDE,"['supermarket', 'grocery_or_supermarket', 'food', 'point_of_interest', 'store', 'establishment']",102,47.3445223,8.5308077,47.34590507989272,8.532130529892722,47.34320542010728,8.529430870107278,True,8GVJ+R8 Zürich,8FVC8GVJ+R8,,
43,,OPERATIONAL,"Stockerstrasse 41, 8002 Zürich, Switzerland",https://maps.gstatic.com/mapfiles/place_api/icons/v1/png_71/atm-71.png,#909CE1,https://maps.gstatic.com/mapfiles/place_api/icons/v2/atm_pinlet,Migros Bank Bancomat,"[{'height': 608, 'html_attributions': ['<a href=""https://maps.google.com/maps/contrib/101400384675978965556"">A Google User</a>'], 'photo_reference': 'Aap_uEDNNdh7oauDzNxi5DogvC7ulJvnA4JU37gXLLOvgyWzenwbP5e3lka1s_viSdPWXM2Q8XEidjSy7X-cac1Nb84gHtEw59gMyReqA-JG8i3Vz5XkU2Fdz93b4onaU5KVHiQ_QGEEk5477tvC8WmcYXLlDGPAjbJJs9ZCKRuHrzidKvw6', 'width': 1080}]",ChIJZ31JuXMLkEcRp7QLZVq54mY,0.0,ChIJZ31JuXMLkEcRp7QLZVq54mY,"['atm', 'finance', 'point_of_interest', 'establishment']",0,47.3674136,8.534512399999999,47.36879217989271,8.535963629892722,47.36609252010727,8.533263970107278,True,9G8M+XR Zürich,8FVC9G8M+XR,,
45,,OPERATIONAL,"Bleicherweg 19, 8002 Zürich, Switzerland",https://maps.gstatic.com/mapfiles/place_api/icons/v1/png_71/shopping-71.png,#4B96F3,https://maps.gstatic.com/mapfiles/place_api/icons/v2/shoppingcart_pinlet,Coop Supermarkt Zürich Bleicherweg,"[{'height': 3024, 'html_attributions': ['<a href=""https://maps.google.com/maps/contrib/103541268436778144207"">Ksenia Markainesk</a>'], 'photo_reference': 'Aap_uEAKpNDaJ9JQidAyS0-qtliUGrbd_nsApqiZeEczC20Tv5zToKQsICp0IC8Ol63r3yy19LrJ24fjvUjrIY9Nj0mWqCpDl0JBVRGF_K_WremCMmN698X28Srdl5VWHhevpgHbr4o1XpeTxCaG3ueWpQZC5KkjsKBHLBPNYCu2gv4VDB68', 'width': 4032}]",ChIJNdEUsJALkEcRf8VXsbY4wD8,3.9,ChIJNdEUsJALkEcRf8VXsbY4wD8,"['supermarket', 'grocery_or_supermarket', 'food', 'point_of_interest', 'store', 'establishment']",145,47.36785580000001,8.5360034,47.36920562989273,8.537353229892723,47.36650597010728,8.53465357010728,True,9G9P+4C Zürich,8FVC9G9P+4C,,
47,,OPERATIONAL,"Dreikönigstrasse 31A, 8002 Zürich, Switzerland",https://maps.gstatic.com/mapfiles/place_api/icons/v1/png_71/generic_business-71.png,#7B9EB0,https://maps.gstatic.com/mapfiles/place_api/icons/v2/generic_pinlet,Migros Fitnesspark Stockerhof,"[{'height': 720, 'html_attributions': ['<a href=""https://maps.google.com/maps/contrib/111102266604460311015"">Migros Fitnesspark Stockerhof</a>'], 'photo_reference': 'Aap_uECpiKk9Xymo1qqUtjHVUpJ77lFJhEBF85wDwhNrWqi6FbHiR7ffU6hFGyU9GFN-M2xmEes-R9kTLyOWSXrI1sUzS2-Me1Mk0ItyQCLy9jl9n65dFf2S7jqzZm2PwsW-aRqSFXDav6c2tGlMauYXYi8sboE4E9o7C_-m4lDe79uPK7Yj', 'width': 1280}]",ChIJ-bbyT_8JkEcR2Db624_zfjk,4.2,ChIJ-bbyT_8JkEcR2Db624_zfjk,"['spa', 'restaurant', 'food', 'health', 'point_of_interest', 'establishment']",329,47.3663794,8.535049200000001,47.36780687989272,8.53633547989272,47.36510722010728,8.533635820107277,True,9G8P+H2 Zürich,8FVC9G8P+H2,,
55,,OPERATIONAL,"Unterdorfstrasse 7, 8600 Dübendorf, Switzerland",https://maps.gstatic.com/mapfiles/place_api/icons/v1/png_71/shopping-71.png,#4B96F3,https://maps.gstatic.com/mapfiles/place_api/icons/v2/shoppingcart_pinlet,Migros Supermarkt,"[{'height': 2626, 'html_attributions': ['<a href=""https://maps.google.com/maps/contrib/113308455275083365760"">crazymanTV1</a>'], 'photo_reference': 'Aap_uECd4-3hl_GXk1Ye6X_2EIm7kRIhtbIvnLxOFg6suvZbJufdQF5u7ejVe2b-drVE5OOAXAOb7UCAF03YPFVA5TkJtMSMxV6uiQD2u85FoZCm8ezOJDja792b7Oqnr3qXKtV5IFug_c-ITzAyKTrmCDFeqMD2L43UP9bZSiD8vwS7DsJM', 'width': 2626}]",ChIJzVpqLgqhmkcRluWrtRCHgbw,4.2,ChIJzVpqLgqhmkcRluWrtRCHgbw,"['grocery_or_supermarket', 'supermarket', 'food', 'point_of_interest', 'store', 'establishment']",534,47.39826,8.617614999999999,47.39960982989272,8.618964829892722,47.39691017010728,8.616265170107278,True,9JX9+82 Dübendorf,8FVC9JX9+82,,
59,,OPERATIONAL,"Albisriederstrasse 253, 8047 Zürich, Switzerland",https://maps.gstatic.com/mapfiles/place_api/icons/v1/png_71/shopping-71.png,#4B96F3,https://maps.gstatic.com/mapfiles/place_api/icons/v2/shoppingcart_pinlet,VOI,"[{'height': 488, 'html_attributions': ['<a href=""https://maps.google.com/maps/contrib/112325691104434242720"">Quentin Krattiger</a>'], 'photo_reference': 'Aap_uEAhQmzLjgseWPoOzWzH9JnNoW-z4iqDdkIBC4OnbHQx9azY2idFQT9GDX2R6nBtktKspBT37pI-hy59qPH0mDl-8q86_MRGrQvbi4XaNM7ZzgfTyEPfeLs76opZCkPKoDxKLMjDlm7HdqBUGLANJXBDI4uQDppE_V1krjBMqaADE56X', 'width': 548}]",ChIJgfpfQm8LkEcRk3Qlzq1FzlQ,4.2,ChIJgfpfQm8LkEcRk3Qlzq1FzlQ,"['supermarket', 'bakery', 'grocery_or_supermarket', 'food', 'health', 'point_of_interest', 'store', 'establishment']",59,47.3783425,8.4940041,47.37974167989272,8.495299529892723,47.37704202010728,8.492599870107279,True,9FHV+8J Zürich,8FVC9FHV+8J,,
73,,OPERATIONAL,"Hofwiesenstrasse 354, 8050 Zürich, Switzerland",https://maps.gstatic.com/mapfiles/place_api/icons/v1/png_71/shopping-71.png,#4B96F3,https://maps.gstatic.com/mapfiles/place_api/icons/v2/shopping_pinlet,Migros Electronics,"[{'height': 3024, 'html_attributions': ['<a href=""https://maps.google.com/maps/contrib/115673042615318537473"">Aldo DC</a>'], 'photo_reference': 'Aap_uEDgSWvHdlZRrdaaLlTYLNZYWne8RbBSNYgFiGxDMotNslRRR1ydp1WKSTiFRxfxDkINg-McXmT0LSwFfNftGP8I5ZgPyDUcAiTYWwZT37SlnMDWQvAMInIa0N15e-NOuT6DG_F7EgyOIHMk0kmA88JwJx3bpue0O5fANdKvazjVe4Bm', 'width': 4032}]",ChIJU1VRC4YKkEcRg5L68RjNVqU,3.0,ChIJU1VRC4YKkEcRg5L68RjNVqU,"['electronics_store', 'point_of_interest', 'store', 'establishment']",4,47.410606,8.54299,47.41204297989272,8.54426747989272,47.40934332010728,8.541567820107277,True,CG6V+65 Zürich,8FVCCG6V+65,,
